iso3c,country,year,gdp_pc_current_usd,health_exp_pct_gdp,htn_prevalence_pct,htn_treatment_pct
ARG,Argentina,2015,10315.86,9.49,45.9,49.9
ARG,Argentina,2015,10315.86,9.49,45.9,41.8
ARG,Argentina,2015,10315.86,9.49,45.9,35.0
ARG,Argentina,2015,10315.86,9.49,51.7,49.9
ARG,Argentina,2015,10315.86,9.49,51.7,41.8
ARG,Argentina,2015,10315.86,9.49,51.7,35.0
ARG,Argentina,2015,10315.86,9.49,40.4,49.9
ARG,Argentina,2015,10315.86,9.49,40.4,41.8
ARG,Argentina,2015,10315.86,9.49,40.4,35.0
ARG,Argentina,2016,10165.88,9.37,40.6,49.5
ARG,Argentina,2016,10165.88,9.37,40.6,41.7
ARG,Argentina,2016,10165.88,9.37,40.6,35.1
ARG,Argentina,2016,10165.88,9.37,46.3,49.5
ARG,Argentina,2016,10165.88,9.37,46.3,41.7
ARG,Argentina,2016,10165.88,9.37,46.3,35.1
ARG,Argentina,2016,10165.88,9.37,52.3,49.5
ARG,Argentina,2016,10165.88,9.37,52.3,41.7
ARG,Argentina,2016,10165.88,9.37,52.3,35.1
ARG,Argentina,2017,11017.14,9.4,46.7,41.5
ARG,Argentina,2017,11017.14,9.4,46.7,35.2
ARG,Argentina,2017,11017.14,9.4,46.7,49.1
ARG,Argentina,2017,11017.14,9.4,52.8,41.5
ARG,Argentina,2017,11017.14,9.4,52.8,35.2
ARG,Argentina,2017,11017.14,9.4,52.8,49.1
ARG,Argentina,2017,11017.14,9.4,40.8,41.5
ARG,Argentina,2017,11017.14,9.4,40.8,35.2
ARG,Argentina,2017,11017.14,9.4,40.8,49.1
ARG,Argentina,2018,10374.68,9.71,53.4,41.3
ARG,Argentina,2018,10374.68,9.71,53.4,35.2
ARG,Argentina,2018,10374.68,9.71,53.4,48.6
ARG,Argentina,2018,10374.68,9.71,41.0,41.3
ARG,Argentina,2018,10374.68,9.71,41.0,35.2
ARG,Argentina,2018,10374.68,9.71,41.0,48.6
ARG,Argentina,2018,10374.68,9.71,47.1,41.3
ARG,Argentina,2018,10374.68,9.71,47.1,35.2
ARG,Argentina,2018,10374.68,9.71,47.1,48.6
ARG,Argentina,2019,11250.06,9.43,54.0,48.1
ARG,Argentina,2019,11250.06,9.43,54.0,41.0
ARG,Argentina,2019,11250.06,9.43,54.0,35.3
ARG,Argentina,2019,11250.06,9.43,47.5,48.1
ARG,Argentina,2019,11250.06,9.43,47.5,41.0
ARG,Argentina,2019,11250.06,9.43,47.5,35.3
ARG,Argentina,2019,11250.06,9.43,41.2,48.1
ARG,Argentina,2019,11250.06,9.43,41.2,41.0
ARG,Argentina,2019,11250.06,9.43,41.2,35.3
ARG,Argentina,2020,10597.67,9.59,,
ARG,Argentina,2021,11073.03,9.47,,
ARG,Argentina,2022,10693.49,9.65,,
ARG,Argentina,2023,10871.3,9.55,,
ARG,Argentina,2024,10786.9,9.46,,
AUS,Australia,2015,53874.15,9.42,26.2,55.7
AUS,Australia,2015,53874.15,9.42,26.2,48.4
AUS,Australia,2015,53874.15,9.42,26.2,51.7
AUS,Australia,2015,53874.15,9.42,32.4,55.7
AUS,Australia,2015,53874.15,9.42,32.4,48.4
AUS,Australia,2015,53874.15,9.42,32.4,51.7
AUS,Australia,2015,53874.15,9.42,29.3,55.7
AUS,Australia,2015,53874.15,9.42,29.3,48.4
AUS,Australia,2015,53874.15,9.42,29.3,51.7
AUS,Australia,2016,55425.33,9.54,26.2,54.3
AUS,Australia,2016,55425.33,9.54,26.2,50.9
AUS,Australia,2016,55425.33,9.54,26.2,48.1
AUS,Australia,2016,55425.33,9.54,32.4,54.3
AUS,Australia,2016,55425.33,9.54,32.4,50.9
AUS,Australia,2016,55425.33,9.54,32.4,48.1
AUS,Australia,2016,55425.33,9.54,29.3,54.3
AUS,Australia,2016,55425.33,9.54,29.3,50.9
AUS,Australia,2016,55425.33,9.54,29.3,48.1
AUS,Australia,2017,56285.29,9.45,26.2,52.7
AUS,Australia,2017,56285.29,9.45,26.2,49.9
AUS,Australia,2017,56285.29,9.45,26.2,47.6
AUS,Australia,2017,56285.29,9.45,29.2,52.7
AUS,Australia,2017,56285.29,9.45,29.2,49.9
AUS,Australia,2017,56285.29,9.45,29.2,47.6
AUS,Australia,2017,56285.29,9.45,32.3,52.7
AUS,Australia,2017,56285.29,9.45,32.3,49.9
AUS,Australia,2017,56285.29,9.45,32.3,47.6
AUS,Australia,2018,57159.63,9.32,32.3,47.2
AUS,Australia,2018,57159.63,9.32,32.3,48.9
AUS,Australia,2018,57159.63,9.32,32.3,51.1
AUS,Australia,2018,57159.63,9.32,29.2,47.2
AUS,Australia,2018,57159.63,9.32,29.2,48.9
AUS,Australia,2018,57159.63,9.32,29.2,51.1
AUS,Australia,2018,57159.63,9.32,26.3,47.2
AUS,Australia,2018,57159.63,9.32,26.3,48.9
AUS,Australia,2018,57159.63,9.32,26.3,51.1
AUS,Australia,2019,55029.61,9.35,32.3,46.7
AUS,Australia,2019,55029.61,9.35,32.3,48.0
AUS,Australia,2019,55029.61,9.35,32.3,49.5
AUS,Australia,2019,55029.61,9.35,29.3,46.7
AUS,Australia,2019,55029.61,9.35,29.3,48.0
AUS,Australia,2019,55029.61,9.35,29.3,49.5
AUS,Australia,2019,55029.61,9.35,26.3,46.7
AUS,Australia,2019,55029.61,9.35,26.3,48.0
AUS,Australia,2019,55029.61,9.35,26.3,49.5
AUS,Australia,2020,55487.88,9.32,,
AUS,Australia,2021,56798.67,9.44,,
AUS,Australia,2022,54665.45,9.38,,
AUS,Australia,2023,56811.53,9.56,,
AUS,Australia,2024,58846.4,9.77,,
BGD,Bangladesh,2015,2379.5,2.47,23.7,37.6
BGD,Bangladesh,2015,2379.5,2.47,23.7,41.3
BGD,Bangladesh,2015,2379.5,2.47,23.7,32.9
BGD,Bangladesh,2015,2379.5,2.47,28.0,37.6
BGD,Bangladesh,2015,2379.5,2.47,28.0,41.3
BGD,Bangladesh,2015,2379.5,2.47,28.0,32.9
BGD,Bangladesh,2015,2379.5,2.47,32.6,37.6
BGD,Bangladesh,2015,2379.5,2.47,32.6,41.3
BGD,Bangladesh,2015,2379.5,2.47,32.6,32.9
BGD,Bangladesh,2016,2493.64,2.48,28.2,41.4
BGD,Bangladesh,2016,2493.64,2.48,28.2,33.2
BGD,Bangladesh,2016,2493.64,2.48,28.2,37.9
BGD,Bangladesh,2016,2493.64,2.48,23.6,41.4
BGD,Bangladesh,2016,2493.64,2.48,23.6,33.2
BGD,Bangladesh,2016,2493.64,2.48,23.6,37.9
BGD,Bangladesh,2016,2493.64,2.48,32.9,41.4
BGD,Bangladesh,2016,2493.64,2.48,32.9,33.2
BGD,Bangladesh,2016,2493.64,2.48,32.9,37.9
BGD,Bangladesh,2017,2552.39,2.56,28.4,41.5
BGD,Bangladesh,2017,2552.39,2.56,28.4,33.5
BGD,Bangladesh,2017,2552.39,2.56,28.4,38.0
BGD,Bangladesh,2017,2552.39,2.56,33.3,41.5
BGD,Bangladesh,2017,2552.39,2.56,33.3,33.5
BGD,Bangladesh,2017,2552.39,2.56,33.3,38.0
BGD,Bangladesh,2017,2552.39,2.56,23.6,41.5
BGD,Bangladesh,2017,2552.39,2.56,23.6,33.5
BGD,Bangladesh,2017,2552.39,2.56,23.6,38.0
BGD,Bangladesh,2018,2466.17,2.49,23.6,41.5
BGD,Bangladesh,2018,2466.17,2.49,23.6,33.8
BGD,Bangladesh,2018,2466.17,2.49,23.6,38.2
BGD,Bangladesh,2018,2466.17,2.49,28.6,41.5
BGD,Bangladesh,2018,2466.17,2.49,28.6,33.8
BGD,Bangladesh,2018,2466.17,2.49,28.6,38.2
BGD,Bangladesh,2018,2466.17,2.49,33.8,41.5
BGD,Bangladesh,2018,2466.17,2.49,33.8,33.8
BGD,Bangladesh,2018,2466.17,2.49,33.8,38.2
BGD,Bangladesh,2019,2545.11,2.55,28.8,41.5
BGD,Bangladesh,2019,2545.11,2.55,28.8,38.4
BGD,Bangladesh,2019,2545.11,2.55,28.8,34.1
BGD,Bangladesh,2019,2545.11,2.55,23.5,41.5
BGD,Bangladesh,2019,2545.11,2.55,23.5,38.4
BGD,Bangladesh,2019,2545.11,2.55,23.5,34.1
BGD,Bangladesh,2019,2545.11,2.55,34.2,41.5
BGD,Bangladesh,2019,2545.11,2.55,34.2,38.4
BGD,Bangladesh,2019,2545.11,2.55,34.2,34.1
BGD,Bangladesh,2020,2480.55,2.52,,
BGD,Bangladesh,2021,2641.06,2.48,,
BGD,Bangladesh,2022,2494.28,2.51,,
BGD,Bangladesh,2023,2540.64,2.54,,
BGD,Bangladesh,2024,2587.08,2.48,,
BRA,Brazil,2015,8758.74,9.74,43.5,68.7
BRA,Brazil,2015,8758.74,9.74,43.5,59.2
BRA,Brazil,2015,8758.74,9.74,43.5,49.7
BRA,Brazil,2015,8758.74,9.74,45.5,68.7
BRA,Brazil,2015,8758.74,9.74,45.5,59.2
BRA,Brazil,2015,8758.74,9.74,45.5,49.7
BRA,Brazil,2015,8758.74,9.74,47.5,68.7
BRA,Brazil,2015,8758.74,9.74,47.5,59.2
BRA,Brazil,2015,8758.74,9.74,47.5,49.7
BRA,Brazil,2016,8744.76,9.67,45.4,50.9
BRA,Brazil,2016,8744.76,9.67,45.4,60.0
BRA,Brazil,2016,8744.76,9.67,45.4,69.1
BRA,Brazil,2016,8744.76,9.67,43.1,50.9
BRA,Brazil,2016,8744.76,9.67,43.1,60.0
BRA,Brazil,2016,8744.76,9.67,43.1,69.1
BRA,Brazil,2016,8744.76,9.67,47.6,50.9
BRA,Brazil,2016,8744.76,9.67,47.6,60.0
BRA,Brazil,2016,8744.76,9.67,47.6,69.1
BRA,Brazil,2017,8401.27,9.62,45.2,69.3
BRA,Brazil,2017,8401.27,9.62,45.2,60.6
BRA,Brazil,2017,8401.27,9.62,45.2,52.1
BRA,Brazil,2017,8401.27,9.62,42.8,69.3
BRA,Brazil,2017,8401.27,9.62,42.8,60.6
BRA,Brazil,2017,8401.27,9.62,42.8,52.1
BRA,Brazil,2017,8401.27,9.62,47.7,69.3
BRA,Brazil,2017,8401.27,9.62,47.7,60.6
BRA,Brazil,2017,8401.27,9.62,47.7,52.1
BRA,Brazil,2018,8640.28,9.51,47.8,61.3
BRA,Brazil,2018,8640.28,9.51,47.8,53.3
BRA,Brazil,2018,8640.28,9.51,47.8,69.6
BRA,Brazil,2018,8640.28,9.51,45.1,61.3
BRA,Brazil,2018,8640.28,9.51,45.1,53.3
BRA,Brazil,2018,8640.28,9.51,45.1,69.6
BRA,Brazil,2018,8640.28,9.51,42.4,61.3
BRA,Brazil,2018,8640.28,9.51,42.4,53.3
BRA,Brazil,2018,8640.28,9.51,42.4,69.6
BRA,Brazil,2019,8663.2,9.61,45.0,69.8
BRA,Brazil,2019,8663.2,9.61,45.0,61.9
BRA,Brazil,2019,8663.2,9.61,45.0,54.4
BRA,Brazil,2019,8663.2,9.61,47.9,69.8
BRA,Brazil,2019,8663.2,9.61,47.9,61.9
BRA,Brazil,2019,8663.2,9.61,47.9,54.4
BRA,Brazil,2019,8663.2,9.61,42.1,69.8
BRA,Brazil,2019,8663.2,9.61,42.1,61.9
BRA,Brazil,2019,8663.2,9.61,42.1,54.4
BRA,Brazil,2020,9004.37,9.53,,
BRA,Brazil,2021,8879.33,9.62,,
BRA,Brazil,2022,8845.98,9.77,,
BRA,Brazil,2023,9025.63,9.81,,
BRA,Brazil,2024,8934.12,9.63,,
CAN,Canada,2015,45652.09,10.94,25.3,73.3
CAN,Canada,2015,45652.09,10.94,25.3,74.2
CAN,Canada,2015,45652.09,10.94,25.3,73.7
CAN,Canada,2015,45652.09,10.94,21.0,73.3
CAN,Canada,2015,45652.09,10.94,21.0,74.2
CAN,Canada,2015,45652.09,10.94,21.0,73.7
CAN,Canada,2015,45652.09,10.94,23.1,73.3
CAN,Canada,2015,45652.09,10.94,23.1,74.2
CAN,Canada,2015,45652.09,10.94,23.1,73.7
CAN,Canada,2016,45825.57,10.89,20.8,73.7
CAN,Canada,2016,45825.57,10.89,20.8,72.7
CAN,Canada,2016,45825.57,10.89,20.8,74.7
CAN,Canada,2016,45825.57,10.89,25.0,73.7
CAN,Canada,2016,45825.57,10.89,25.0,72.7
CAN,Canada,2016,45825.57,10.89,25.0,74.7
CAN,Canada,2016,45825.57,10.89,22.9,73.7
CAN,Canada,2016,45825.57,10.89,22.9,72.7
CAN,Canada,2016,45825.57,10.89,22.9,74.7
CAN,Canada,2017,45447.74,10.8,20.5,75.1
CAN,Canada,2017,45447.74,10.8,20.5,73.6
CAN,Canada,2017,45447.74,10.8,20.5,72.0
CAN,Canada,2017,45447.74,10.8,22.6,75.1
CAN,Canada,2017,45447.74,10.8,22.6,73.6
CAN,Canada,2017,45447.74,10.8,22.6,72.0
CAN,Canada,2017,45447.74,10.8,24.8,75.1
CAN,Canada,2017,45447.74,10.8,24.8,73.6
CAN,Canada,2017,45447.74,10.8,24.8,72.0
CAN,Canada,2018,45585.98,10.8,20.2,71.3
CAN,Canada,2018,45585.98,10.8,20.2,73.5
CAN,Canada,2018,45585.98,10.8,20.2,75.4
CAN,Canada,2018,45585.98,10.8,24.5,71.3
CAN,Canada,2018,45585.98,10.8,24.5,73.5
CAN,Canada,2018,45585.98,10.8,24.5,75.4
CAN,Canada,2018,45585.98,10.8,22.4,71.3
CAN,Canada,2018,45585.98,10.8,22.4,73.5
CAN,Canada,2018,45585.98,10.8,22.4,75.4
CAN,Canada,2019,47386.42,10.66,24.3,73.3
CAN,Canada,2019,47386.42,10.66,24.3,75.8
CAN,Canada,2019,47386.42,10.66,24.3,70.6
CAN,Canada,2019,47386.42,10.66,19.9,73.3
CAN,Canada,2019,47386.42,10.66,19.9,75.8
CAN,Canada,2019,47386.42,10.66,19.9,70.6
CAN,Canada,2019,47386.42,10.66,22.1,73.3
CAN,Canada,2019,47386.42,10.66,22.1,75.8
CAN,Canada,2019,47386.42,10.66,22.1,70.6
CAN,Canada,2020,47166.34,10.89,,
CAN,Canada,2021,46373.38,10.72,,
CAN,Canada,2022,47139.69,10.83,,
CAN,Canada,2023,47440.73,10.9,,
CAN,Canada,2024,48853.64,10.88,,
CHL,Chile,2015,15144.04,9.14,34.8,57.0
CHL,Chile,2015,15144.04,9.14,34.8,68.5
CHL,Chile,2015,15144.04,9.14,34.8,46.4
CHL,Chile,2015,15144.04,9.14,40.2,57.0
CHL,Chile,2015,15144.04,9.14,40.2,68.5
CHL,Chile,2015,15144.04,9.14,40.2,46.4
CHL,Chile,2015,15144.04,9.14,37.5,57.0
CHL,Chile,2015,15144.04,9.14,37.5,68.5
CHL,Chile,2015,15144.04,9.14,37.5,46.4
CHL,Chile,2016,15328.23,9.35,37.1,68.5
CHL,Chile,2016,15328.23,9.35,37.1,57.4
CHL,Chile,2016,15328.23,9.35,37.1,47.4
CHL,Chile,2016,15328.23,9.35,34.3,68.5
CHL,Chile,2016,15328.23,9.35,34.3,57.4
CHL,Chile,2016,15328.23,9.35,34.3,47.4
CHL,Chile,2016,15328.23,9.35,39.9,68.5
CHL,Chile,2016,15328.23,9.35,39.9,57.4
CHL,Chile,2016,15328.23,9.35,39.9,47.4
CHL,Chile,2017,14766.87,9.28,36.8,57.8
CHL,Chile,2017,14766.87,9.28,36.8,68.4
CHL,Chile,2017,14766.87,9.28,36.8,48.2
CHL,Chile,2017,14766.87,9.28,33.9,57.8
CHL,Chile,2017,14766.87,9.28,33.9,68.4
CHL,Chile,2017,14766.87,9.28,33.9,48.2
CHL,Chile,2017,14766.87,9.28,39.6,57.8
CHL,Chile,2017,14766.87,9.28,39.6,68.4
CHL,Chile,2017,14766.87,9.28,39.6,48.2
CHL,Chile,2018,15229.12,9.34,36.4,58.1
CHL,Chile,2018,15229.12,9.34,36.4,49.1
CHL,Chile,2018,15229.12,9.34,36.4,68.3
CHL,Chile,2018,15229.12,9.34,33.5,58.1
CHL,Chile,2018,15229.12,9.34,33.5,49.1
CHL,Chile,2018,15229.12,9.34,33.5,68.3
CHL,Chile,2018,15229.12,9.34,39.3,58.1
CHL,Chile,2018,15229.12,9.34,39.3,49.1
CHL,Chile,2018,15229.12,9.34,39.3,68.3
CHL,Chile,2019,15112.35,9.33,33.1,58.5
CHL,Chile,2019,15112.35,9.33,33.1,49.9
CHL,Chile,2019,15112.35,9.33,33.1,68.2
CHL,Chile,2019,15112.35,9.33,36.1,58.5
CHL,Chile,2019,15112.35,9.33,36.1,49.9
CHL,Chile,2019,15112.35,9.33,36.1,68.2
CHL,Chile,2019,15112.35,9.33,39.0,58.5
CHL,Chile,2019,15112.35,9.33,39.0,49.9
CHL,Chile,2019,15112.35,9.33,39.0,68.2
CHL,Chile,2020,15174.41,9.37,,
CHL,Chile,2021,15741.45,9.12,,
CHL,Chile,2022,15278.94,9.39,,
CHL,Chile,2023,15488.8,9.35,,
CHL,Chile,2024,14922.98,9.42,,
CHN,China,2015,10862.74,5.32,30.8,38.8
CHN,China,2015,10862.74,5.32,30.8,44.7
CHN,China,2015,10862.74,5.32,30.8,34.0
CHN,China,2015,10862.74,5.32,25.7,38.8
CHN,China,2015,10862.74,5.32,25.7,44.7
CHN,China,2015,10862.74,5.32,25.7,34.0
CHN,China,2015,10862.74,5.32,28.3,38.8
CHN,China,2015,10862.74,5.32,28.3,44.7
CHN,China,2015,10862.74,5.32,28.3,34.0
CHN,China,2016,10716.4,5.39,25.3,39.0
CHN,China,2016,10716.4,5.39,25.3,34.3
CHN,China,2016,10716.4,5.39,25.3,44.7
CHN,China,2016,10716.4,5.39,30.7,39.0
CHN,China,2016,10716.4,5.39,30.7,34.3
CHN,China,2016,10716.4,5.39,30.7,44.7
CHN,China,2016,10716.4,5.39,28.0,39.0
CHN,China,2016,10716.4,5.39,28.0,34.3
CHN,China,2016,10716.4,5.39,28.0,44.7
CHN,China,2017,10557.12,5.36,27.8,44.7
CHN,China,2017,10557.12,5.36,27.8,34.6
CHN,China,2017,10557.12,5.36,27.8,39.1
CHN,China,2017,10557.12,5.36,30.5,44.7
CHN,China,2017,10557.12,5.36,30.5,34.6
CHN,China,2017,10557.12,5.36,30.5,39.1
CHN,China,2017,10557.12,5.36,24.9,44.7
CHN,China,2017,10557.12,5.36,24.9,34.6
CHN,China,2017,10557.12,5.36,24.9,39.1
CHN,China,2018,10534.76,5.49,24.5,44.6
CHN,China,2018,10534.76,5.49,24.5,34.8
CHN,China,2018,10534.76,5.49,24.5,39.2
CHN,China,2018,10534.76,5.49,27.5,44.6
CHN,China,2018,10534.76,5.49,27.5,34.8
CHN,China,2018,10534.76,5.49,27.5,39.2
CHN,China,2018,10534.76,5.49,30.4,44.6
CHN,China,2018,10534.76,5.49,30.4,34.8
CHN,China,2018,10534.76,5.49,30.4,39.2
CHN,China,2019,10762.36,5.52,27.3,39.2
CHN,China,2019,10762.36,5.52,27.3,44.6
CHN,China,2019,10762.36,5.52,27.3,35.1
CHN,China,2019,10762.36,5.52,30.2,39.2
CHN,China,2019,10762.36,5.52,30.2,44.6
CHN,China,2019,10762.36,5.52,30.2,35.1
CHN,China,2019,10762.36,5.52,24.1,39.2
CHN,China,2019,10762.36,5.52,24.1,44.6
CHN,China,2019,10762.36,5.52,24.1,35.1
CHN,China,2020,10922.26,5.45,,
CHN,China,2021,11076.23,5.46,,
CHN,China,2022,10918.88,5.43,,
CHN,China,2023,10793.97,5.41,,
CHN,China,2024,11022.81,5.39,,
COL,Colombia,2015,6070.94,7.68,31.7,41.3
COL,Colombia,2015,6070.94,7.68,31.7,61.2
COL,Colombia,2015,6070.94,7.68,31.7,51.8
COL,Colombia,2015,6070.94,7.68,31.5,41.3
COL,Colombia,2015,6070.94,7.68,31.5,61.2
COL,Colombia,2015,6070.94,7.68,31.5,51.8
COL,Colombia,2015,6070.94,7.68,31.1,41.3
COL,Colombia,2015,6070.94,7.68,31.1,61.2
COL,Colombia,2015,6070.94,7.68,31.1,51.8
COL,Colombia,2016,6148.66,7.67,31.0,42.5
COL,Colombia,2016,6148.66,7.67,31.0,52.8
COL,Colombia,2016,6148.66,7.67,31.0,62.0
COL,Colombia,2016,6148.66,7.67,31.3,42.5
COL,Colombia,2016,6148.66,7.67,31.3,52.8
COL,Colombia,2016,6148.66,7.67,31.3,62.0
COL,Colombia,2016,6148.66,7.67,31.5,42.5
COL,Colombia,2016,6148.66,7.67,31.5,52.8
COL,Colombia,2016,6148.66,7.67,31.5,62.0
COL,Colombia,2017,6198.19,7.8,31.0,43.5
COL,Colombia,2017,6198.19,7.8,31.0,53.6
COL,Colombia,2017,6198.19,7.8,31.0,62.7
COL,Colombia,2017,6198.19,7.8,31.2,43.5
COL,Colombia,2017,6198.19,7.8,31.2,53.6
COL,Colombia,2017,6198.19,7.8,31.2,62.7
COL,Colombia,2017,6198.19,7.8,31.4,43.5
COL,Colombia,2017,6198.19,7.8,31.4,53.6
COL,Colombia,2017,6198.19,7.8,31.4,62.7
COL,Colombia,2018,6179.96,7.75,31.2,44.6
COL,Colombia,2018,6179.96,7.75,31.2,54.4
COL,Colombia,2018,6179.96,7.75,31.2,63.3
COL,Colombia,2018,6179.96,7.75,30.9,44.6
COL,Colombia,2018,6179.96,7.75,30.9,54.4
COL,Colombia,2018,6179.96,7.75,30.9,63.3
COL,Colombia,2018,6179.96,7.75,31.1,44.6
COL,Colombia,2018,6179.96,7.75,31.1,54.4
COL,Colombia,2018,6179.96,7.75,31.1,63.3
COL,Colombia,2019,6187.82,7.73,30.8,55.3
COL,Colombia,2019,6187.82,7.73,30.8,45.6
COL,Colombia,2019,6187.82,7.73,30.8,63.9
COL,Colombia,2019,6187.82,7.73,31.0,55.3
COL,Colombia,2019,6187.82,7.73,31.0,45.6
COL,Colombia,2019,6187.82,7.73,31.0,63.9
COL,Colombia,2019,6187.82,7.73,31.1,55.3
COL,Colombia,2019,6187.82,7.73,31.1,45.6
COL,Colombia,2019,6187.82,7.73,31.1,63.9
COL,Colombia,2020,6113.64,7.77,,
COL,Colombia,2021,6210.13,7.91,,
COL,Colombia,2022,6434.28,7.79,,
COL,Colombia,2023,6169.57,7.68,,
COL,Colombia,2024,6428.32,7.8,,
DEU,Germany,2015,48713.52,11.76,26.7,61.6
DEU,Germany,2015,48713.52,11.76,26.7,58.3
DEU,Germany,2015,48713.52,11.76,26.7,66.3
DEU,Germany,2015,48713.52,11.76,36.7,61.6
DEU,Germany,2015,48713.52,11.76,36.7,58.3
DEU,Germany,2015,48713.52,11.76,36.7,66.3
DEU,Germany,2015,48713.52,11.76,31.7,61.6
DEU,Germany,2015,48713.52,11.76,31.7,58.3
DEU,Germany,2015,48713.52,11.76,31.7,66.3
DEU,Germany,2016,47521.11,11.74,31.2,59.0
DEU,Germany,2016,47521.11,11.74,31.2,61.9
DEU,Germany,2016,47521.11,11.74,31.2,66.1
DEU,Germany,2016,47521.11,11.74,36.1,59.0
DEU,Germany,2016,47521.11,11.74,36.1,61.9
DEU,Germany,2016,47521.11,11.74,36.1,66.1
DEU,Germany,2016,47521.11,11.74,26.2,59.0
DEU,Germany,2016,47521.11,11.74,26.2,61.9
DEU,Germany,2016,47521.11,11.74,26.2,66.1
DEU,Germany,2017,48432.02,11.75,35.5,65.7
DEU,Germany,2017,48432.02,11.75,35.5,59.7
DEU,Germany,2017,48432.02,11.75,35.5,62.2
DEU,Germany,2017,48432.02,11.75,30.7,65.7
DEU,Germany,2017,48432.02,11.75,30.7,59.7
DEU,Germany,2017,48432.02,11.75,30.7,62.2
DEU,Germany,2017,48432.02,11.75,25.8,65.7
DEU,Germany,2017,48432.02,11.75,25.8,59.7
DEU,Germany,2017,48432.02,11.75,25.8,62.2
DEU,Germany,2018,49316.57,11.77,30.2,62.4
DEU,Germany,2018,49316.57,11.77,30.2,65.4
DEU,Germany,2018,49316.57,11.77,30.2,60.4
DEU,Germany,2018,49316.57,11.77,25.4,62.4
DEU,Germany,2018,49316.57,11.77,25.4,65.4
DEU,Germany,2018,49316.57,11.77,25.4,60.4
DEU,Germany,2018,49316.57,11.77,34.9,62.4
DEU,Germany,2018,49316.57,11.77,34.9,65.4
DEU,Germany,2018,49316.57,11.77,34.9,60.4
DEU,Germany,2019,49291.76,11.76,25.0,62.6
DEU,Germany,2019,49291.76,11.76,25.0,65.0
DEU,Germany,2019,49291.76,11.76,25.0,61.1
DEU,Germany,2019,49291.76,11.76,29.7,62.6
DEU,Germany,2019,49291.76,11.76,29.7,65.0
DEU,Germany,2019,49291.76,11.76,29.7,61.1
DEU,Germany,2019,49291.76,11.76,34.4,62.6
DEU,Germany,2019,49291.76,11.76,34.4,65.0
DEU,Germany,2019,49291.76,11.76,34.4,61.1
DEU,Germany,2020,49077.55,11.84,,
DEU,Germany,2021,47561.13,11.74,,
DEU,Germany,2022,48668.44,11.72,,
DEU,Germany,2023,49015.86,11.98,,
DEU,Germany,2024,48608.8,11.93,,
EGY,"Egypt, Arab Rep.",2015,3616.06,4.77,34.7,44.1
EGY,"Egypt, Arab Rep.",2015,3616.06,4.77,34.7,51.8
EGY,"Egypt, Arab Rep.",2015,3616.06,4.77,34.7,34.4
EGY,"Egypt, Arab Rep.",2015,3616.06,4.77,38.1,44.1
EGY,"Egypt, Arab Rep.",2015,3616.06,4.77,38.1,51.8
EGY,"Egypt, Arab Rep.",2015,3616.06,4.77,38.1,34.4
EGY,"Egypt, Arab Rep.",2015,3616.06,4.77,41.4,44.1
EGY,"Egypt, Arab Rep.",2015,3616.06,4.77,41.4,51.8
EGY,"Egypt, Arab Rep.",2015,3616.06,4.77,41.4,34.4
EGY,"Egypt, Arab Rep.",2016,3618.59,4.73,41.2,34.6
EGY,"Egypt, Arab Rep.",2016,3618.59,4.73,41.2,52.0
EGY,"Egypt, Arab Rep.",2016,3618.59,4.73,41.2,44.3
EGY,"Egypt, Arab Rep.",2016,3618.59,4.73,34.9,34.6
EGY,"Egypt, Arab Rep.",2016,3618.59,4.73,34.9,52.0
EGY,"Egypt, Arab Rep.",2016,3618.59,4.73,34.9,44.3
EGY,"Egypt, Arab Rep.",2016,3618.59,4.73,38.1,34.6
EGY,"Egypt, Arab Rep.",2016,3618.59,4.73,38.1,52.0
EGY,"Egypt, Arab Rep.",2016,3618.59,4.73,38.1,44.3
EGY,"Egypt, Arab Rep.",2017,3619.91,4.7,35.1,34.6
EGY,"Egypt, Arab Rep.",2017,3619.91,4.7,35.1,52.0
EGY,"Egypt, Arab Rep.",2017,3619.91,4.7,35.1,44.2
EGY,"Egypt, Arab Rep.",2017,3619.91,4.7,38.2,34.6
EGY,"Egypt, Arab Rep.",2017,3619.91,4.7,38.2,52.0
EGY,"Egypt, Arab Rep.",2017,3619.91,4.7,38.2,44.2
EGY,"Egypt, Arab Rep.",2017,3619.91,4.7,41.1,34.6
EGY,"Egypt, Arab Rep.",2017,3619.91,4.7,41.1,52.0
EGY,"Egypt, Arab Rep.",2017,3619.91,4.7,41.1,44.2
EGY,"Egypt, Arab Rep.",2018,3579.88,4.74,40.9,44.2
EGY,"Egypt, Arab Rep.",2018,3579.88,4.74,40.9,52.1
EGY,"Egypt, Arab Rep.",2018,3579.88,4.74,40.9,34.6
EGY,"Egypt, Arab Rep.",2018,3579.88,4.74,38.2,44.2
EGY,"Egypt, Arab Rep.",2018,3579.88,4.74,38.2,52.1
EGY,"Egypt, Arab Rep.",2018,3579.88,4.74,38.2,34.6
EGY,"Egypt, Arab Rep.",2018,3579.88,4.74,35.3,44.2
EGY,"Egypt, Arab Rep.",2018,3579.88,4.74,35.3,52.1
EGY,"Egypt, Arab Rep.",2018,3579.88,4.74,35.3,34.6
EGY,"Egypt, Arab Rep.",2019,3586.69,4.75,38.2,34.6
EGY,"Egypt, Arab Rep.",2019,3586.69,4.75,38.2,44.2
EGY,"Egypt, Arab Rep.",2019,3586.69,4.75,38.2,52.2
EGY,"Egypt, Arab Rep.",2019,3586.69,4.75,35.6,34.6
EGY,"Egypt, Arab Rep.",2019,3586.69,4.75,35.6,44.2
EGY,"Egypt, Arab Rep.",2019,3586.69,4.75,35.6,52.2
EGY,"Egypt, Arab Rep.",2019,3586.69,4.75,40.7,34.6
EGY,"Egypt, Arab Rep.",2019,3586.69,4.75,40.7,44.2
EGY,"Egypt, Arab Rep.",2019,3586.69,4.75,40.7,52.2
EGY,"Egypt, Arab Rep.",2020,3738.14,4.74,,
EGY,"Egypt, Arab Rep.",2021,3651.39,4.75,,
EGY,"Egypt, Arab Rep.",2022,3661.78,4.78,,
EGY,"Egypt, Arab Rep.",2023,3564.14,4.73,,
EGY,"Egypt, Arab Rep.",2024,3564.66,4.68,,
ESP,Spain,2015,29420.93,9.03,29.4,48.6
ESP,Spain,2015,29420.93,9.03,29.4,58.6
ESP,Spain,2015,29420.93,9.03,29.4,52.5
ESP,Spain,2015,29420.93,9.03,23.1,48.6
ESP,Spain,2015,29420.93,9.03,23.1,58.6
ESP,Spain,2015,29420.93,9.03,23.1,52.5
ESP,Spain,2015,29420.93,9.03,35.7,48.6
ESP,Spain,2015,29420.93,9.03,35.7,58.6
ESP,Spain,2015,29420.93,9.03,35.7,52.5
ESP,Spain,2016,31377.08,9.04,22.5,58.5
ESP,Spain,2016,31377.08,9.04,22.5,52.8
ESP,Spain,2016,31377.08,9.04,22.5,49.2
ESP,Spain,2016,31377.08,9.04,35.1,58.5
ESP,Spain,2016,31377.08,9.04,35.1,52.8
ESP,Spain,2016,31377.08,9.04,35.1,49.2
ESP,Spain,2016,31377.08,9.04,28.8,58.5
ESP,Spain,2016,31377.08,9.04,28.8,52.8
ESP,Spain,2016,31377.08,9.04,28.8,49.2
ESP,Spain,2017,30703.09,9.04,34.6,49.8
ESP,Spain,2017,30703.09,9.04,34.6,58.3
ESP,Spain,2017,30703.09,9.04,34.6,53.1
ESP,Spain,2017,30703.09,9.04,21.9,49.8
ESP,Spain,2017,30703.09,9.04,21.9,58.3
ESP,Spain,2017,30703.09,9.04,21.9,53.1
ESP,Spain,2017,30703.09,9.04,28.2,49.8
ESP,Spain,2017,30703.09,9.04,28.2,58.3
ESP,Spain,2017,30703.09,9.04,28.2,53.1
ESP,Spain,2018,30858.94,9.17,21.4,58.1
ESP,Spain,2018,30858.94,9.17,21.4,53.3
ESP,Spain,2018,30858.94,9.17,21.4,50.4
ESP,Spain,2018,30858.94,9.17,27.7,58.1
ESP,Spain,2018,30858.94,9.17,27.7,53.3
ESP,Spain,2018,30858.94,9.17,27.7,50.4
ESP,Spain,2018,30858.94,9.17,34.1,58.1
ESP,Spain,2018,30858.94,9.17,34.1,53.3
ESP,Spain,2018,30858.94,9.17,34.1,50.4
ESP,Spain,2019,30306.02,9.14,33.5,58.0
ESP,Spain,2019,30306.02,9.14,33.5,51.0
ESP,Spain,2019,30306.02,9.14,33.5,53.6
ESP,Spain,2019,30306.02,9.14,20.8,58.0
ESP,Spain,2019,30306.02,9.14,20.8,51.0
ESP,Spain,2019,30306.02,9.14,20.8,53.6
ESP,Spain,2019,30306.02,9.14,27.2,58.0
ESP,Spain,2019,30306.02,9.14,27.2,51.0
ESP,Spain,2019,30306.02,9.14,27.2,53.6
ESP,Spain,2020,30107.13,9.19,,
ESP,Spain,2021,30327.01,9.05,,
ESP,Spain,2022,29933.24,9.19,,
ESP,Spain,2023,31747.45,9.2,,
ESP,Spain,2024,30828.82,9.22,,
ETH,Ethiopia,2015,935.84,3.47,26.0,13.1
ETH,Ethiopia,2015,935.84,3.47,26.0,13.2
ETH,Ethiopia,2015,935.84,3.47,26.0,13.4
ETH,Ethiopia,2015,935.84,3.47,29.7,13.1
ETH,Ethiopia,2015,935.84,3.47,29.7,13.2
ETH,Ethiopia,2015,935.84,3.47,29.7,13.4
ETH,Ethiopia,2015,935.84,3.47,27.9,13.1
ETH,Ethiopia,2015,935.84,3.47,27.9,13.2
ETH,Ethiopia,2015,935.84,3.47,27.9,13.4
ETH,Ethiopia,2016,903.53,3.43,27.8,13.8
ETH,Ethiopia,2016,903.53,3.43,27.8,13.9
ETH,Ethiopia,2016,903.53,3.43,27.8,13.7
ETH,Ethiopia,2016,903.53,3.43,25.6,13.8
ETH,Ethiopia,2016,903.53,3.43,25.6,13.9
ETH,Ethiopia,2016,903.53,3.43,25.6,13.7
ETH,Ethiopia,2016,903.53,3.43,29.8,13.8
ETH,Ethiopia,2016,903.53,3.43,29.8,13.9
ETH,Ethiopia,2016,903.53,3.43,29.8,13.7
ETH,Ethiopia,2017,915.42,3.49,25.3,14.5
ETH,Ethiopia,2017,915.42,3.49,25.3,14.3
ETH,Ethiopia,2017,915.42,3.49,25.3,14.4
ETH,Ethiopia,2017,915.42,3.49,27.7,14.5
ETH,Ethiopia,2017,915.42,3.49,27.7,14.3
ETH,Ethiopia,2017,915.42,3.49,27.7,14.4
ETH,Ethiopia,2017,915.42,3.49,29.9,14.5
ETH,Ethiopia,2017,915.42,3.49,29.9,14.3
ETH,Ethiopia,2017,915.42,3.49,29.9,14.4
ETH,Ethiopia,2018,933.85,3.58,30.0,15.0
ETH,Ethiopia,2018,933.85,3.58,30.0,15.0
ETH,Ethiopia,2018,933.85,3.58,30.0,14.9
ETH,Ethiopia,2018,933.85,3.58,27.5,15.0
ETH,Ethiopia,2018,933.85,3.58,27.5,15.0
ETH,Ethiopia,2018,933.85,3.58,27.5,14.9
ETH,Ethiopia,2018,933.85,3.58,24.9,15.0
ETH,Ethiopia,2018,933.85,3.58,24.9,15.0
ETH,Ethiopia,2018,933.85,3.58,24.9,14.9
ETH,Ethiopia,2019,962.97,3.48,27.4,15.6
ETH,Ethiopia,2019,962.97,3.48,27.4,15.6
ETH,Ethiopia,2019,962.97,3.48,27.4,15.6
ETH,Ethiopia,2019,962.97,3.48,30.1,15.6
ETH,Ethiopia,2019,962.97,3.48,30.1,15.6
ETH,Ethiopia,2019,962.97,3.48,30.1,15.6
ETH,Ethiopia,2019,962.97,3.48,24.5,15.6
ETH,Ethiopia,2019,962.97,3.48,24.5,15.6
ETH,Ethiopia,2019,962.97,3.48,24.5,15.6
ETH,Ethiopia,2020,951.97,3.51,,
ETH,Ethiopia,2021,943.31,3.53,,
ETH,Ethiopia,2022,963.22,3.52,,
ETH,Ethiopia,2023,974.59,3.49,,
ETH,Ethiopia,2024,958.02,3.63,,
FRA,France,2015,40586.39,11.26,25.2,51.6
FRA,France,2015,40586.39,11.26,25.2,57.3
FRA,France,2015,40586.39,11.26,25.2,47.5
FRA,France,2015,40586.39,11.26,35.4,51.6
FRA,France,2015,40586.39,11.26,35.4,57.3
FRA,France,2015,40586.39,11.26,35.4,47.5
FRA,France,2015,40586.39,11.26,30.2,51.6
FRA,France,2015,40586.39,11.26,30.2,57.3
FRA,France,2015,40586.39,11.26,30.2,47.5
FRA,France,2016,42276.71,11.38,25.0,48.2
FRA,France,2016,42276.71,11.38,25.0,56.9
FRA,France,2016,42276.71,11.38,25.0,51.8
FRA,France,2016,42276.71,11.38,29.9,48.2
FRA,France,2016,42276.71,11.38,29.9,56.9
FRA,France,2016,42276.71,11.38,29.9,51.8
FRA,France,2016,42276.71,11.38,35.1,48.2
FRA,France,2016,42276.71,11.38,35.1,56.9
FRA,France,2016,42276.71,11.38,35.1,51.8
FRA,France,2017,42877.43,11.41,29.6,48.8
FRA,France,2017,42877.43,11.41,29.6,56.5
FRA,France,2017,42877.43,11.41,29.6,52.0
FRA,France,2017,42877.43,11.41,24.8,48.8
FRA,France,2017,42877.43,11.41,24.8,56.5
FRA,France,2017,42877.43,11.41,24.8,52.0
FRA,France,2017,42877.43,11.41,34.8,48.8
FRA,France,2017,42877.43,11.41,34.8,56.5
FRA,France,2017,42877.43,11.41,34.8,52.0
FRA,France,2018,42127.07,11.29,24.6,49.4
FRA,France,2018,42127.07,11.29,24.6,56.1
FRA,France,2018,42127.07,11.29,24.6,52.1
FRA,France,2018,42127.07,11.29,29.4,49.4
FRA,France,2018,42127.07,11.29,29.4,56.1
FRA,France,2018,42127.07,11.29,29.4,52.1
FRA,France,2018,42127.07,11.29,34.4,49.4
FRA,France,2018,42127.07,11.29,34.4,56.1
FRA,France,2018,42127.07,11.29,34.4,52.1
FRA,France,2019,43280.7,11.33,29.1,52.3
FRA,France,2019,43280.7,11.33,29.1,55.7
FRA,France,2019,43280.7,11.33,29.1,49.9
FRA,France,2019,43280.7,11.33,34.1,52.3
FRA,France,2019,43280.7,11.33,34.1,55.7
FRA,France,2019,43280.7,11.33,34.1,49.9
FRA,France,2019,43280.7,11.33,24.4,52.3
FRA,France,2019,43280.7,11.33,24.4,55.7
FRA,France,2019,43280.7,11.33,24.4,49.9
FRA,France,2020,41628.42,11.23,,
FRA,France,2021,42067.66,11.43,,
FRA,France,2022,43099.64,11.47,,
FRA,France,2023,42761.11,11.42,,
FRA,France,2024,43785.5,11.38,,
GBR,United Kingdom,2015,46280.34,10.09,24.2,50.0
GBR,United Kingdom,2015,46280.34,10.09,24.2,46.1
GBR,United Kingdom,2015,46280.34,10.09,24.2,47.8
GBR,United Kingdom,2015,46280.34,10.09,31.0,50.0
GBR,United Kingdom,2015,46280.34,10.09,31.0,46.1
GBR,United Kingdom,2015,46280.34,10.09,31.0,47.8
GBR,United Kingdom,2015,46280.34,10.09,27.6,50.0
GBR,United Kingdom,2015,46280.34,10.09,27.6,46.1
GBR,United Kingdom,2015,46280.34,10.09,27.6,47.8
GBR,United Kingdom,2016,46843.75,10.31,27.3,47.9
GBR,United Kingdom,2016,46843.75,10.31,27.3,49.6
GBR,United Kingdom,2016,46843.75,10.31,27.3,46.5
GBR,United Kingdom,2016,46843.75,10.31,30.7,47.9
GBR,United Kingdom,2016,46843.75,10.31,30.7,49.6
GBR,United Kingdom,2016,46843.75,10.31,30.7,46.5
GBR,United Kingdom,2016,46843.75,10.31,23.9,47.9
GBR,United Kingdom,2016,46843.75,10.31,23.9,49.6
GBR,United Kingdom,2016,46843.75,10.31,23.9,46.5
GBR,United Kingdom,2017,44511.71,10.09,27.0,47.8
GBR,United Kingdom,2017,44511.71,10.09,27.0,49.0
GBR,United Kingdom,2017,44511.71,10.09,27.0,46.8
GBR,United Kingdom,2017,44511.71,10.09,23.6,47.8
GBR,United Kingdom,2017,44511.71,10.09,23.6,49.0
GBR,United Kingdom,2017,44511.71,10.09,23.6,46.8
GBR,United Kingdom,2017,44511.71,10.09,30.4,47.8
GBR,United Kingdom,2017,44511.71,10.09,30.4,49.0
GBR,United Kingdom,2017,44511.71,10.09,30.4,46.8
GBR,United Kingdom,2018,46577.61,10.2,23.3,48.5
GBR,United Kingdom,2018,46577.61,10.2,23.3,47.7
GBR,United Kingdom,2018,46577.61,10.2,23.3,47.1
GBR,United Kingdom,2018,46577.61,10.2,26.7,48.5
GBR,United Kingdom,2018,46577.61,10.2,26.7,47.7
GBR,United Kingdom,2018,46577.61,10.2,26.7,47.1
GBR,United Kingdom,2018,46577.61,10.2,30.2,48.5
GBR,United Kingdom,2018,46577.61,10.2,30.2,47.7
GBR,United Kingdom,2018,46577.61,10.2,30.2,47.1
GBR,United Kingdom,2019,46597.88,10.16,23.0,47.5
GBR,United Kingdom,2019,46597.88,10.16,23.0,47.4
GBR,United Kingdom,2019,46597.88,10.16,23.0,47.9
GBR,United Kingdom,2019,46597.88,10.16,26.4,47.5
GBR,United Kingdom,2019,46597.88,10.16,26.4,47.4
GBR,United Kingdom,2019,46597.88,10.16,26.4,47.9
GBR,United Kingdom,2019,46597.88,10.16,29.9,47.5
GBR,United Kingdom,2019,46597.88,10.16,29.9,47.4
GBR,United Kingdom,2019,46597.88,10.16,29.9,47.9
GBR,United Kingdom,2020,47575.71,10.34,,
GBR,United Kingdom,2021,46980.75,10.38,,
GBR,United Kingdom,2022,47503.44,10.19,,
GBR,United Kingdom,2023,47565.92,10.19,,
GBR,United Kingdom,2024,48188.17,10.3,,
IDN,Indonesia,2015,4102.95,2.91,37.9,13.8
IDN,Indonesia,2015,4102.95,2.91,37.9,20.0
IDN,Indonesia,2015,4102.95,2.91,37.9,17.2
IDN,Indonesia,2015,4102.95,2.91,34.5,13.8
IDN,Indonesia,2015,4102.95,2.91,34.5,20.0
IDN,Indonesia,2015,4102.95,2.91,34.5,17.2
IDN,Indonesia,2015,4102.95,2.91,41.1,13.8
IDN,Indonesia,2015,4102.95,2.91,41.1,20.0
IDN,Indonesia,2015,4102.95,2.91,41.1,17.2
IDN,Indonesia,2016,4320.53,2.92,38.4,14.2
IDN,Indonesia,2016,4320.53,2.92,38.4,20.4
IDN,Indonesia,2016,4320.53,2.92,38.4,17.6
IDN,Indonesia,2016,4320.53,2.92,41.9,14.2
IDN,Indonesia,2016,4320.53,2.92,41.9,20.4
IDN,Indonesia,2016,4320.53,2.92,41.9,17.6
IDN,Indonesia,2016,4320.53,2.92,34.8,14.2
IDN,Indonesia,2016,4320.53,2.92,34.8,20.4
IDN,Indonesia,2016,4320.53,2.92,34.8,17.6
IDN,Indonesia,2017,4467.66,2.85,39.0,17.9
IDN,Indonesia,2017,4467.66,2.85,39.0,14.6
IDN,Indonesia,2017,4467.66,2.85,39.0,20.7
IDN,Indonesia,2017,4467.66,2.85,35.2,17.9
IDN,Indonesia,2017,4467.66,2.85,35.2,14.6
IDN,Indonesia,2017,4467.66,2.85,35.2,20.7
IDN,Indonesia,2017,4467.66,2.85,42.8,17.9
IDN,Indonesia,2017,4467.66,2.85,42.8,14.6
IDN,Indonesia,2017,4467.66,2.85,42.8,20.7
IDN,Indonesia,2018,4292.17,2.93,43.6,15.0
IDN,Indonesia,2018,4292.17,2.93,43.6,18.3
IDN,Indonesia,2018,4292.17,2.93,43.6,21.0
IDN,Indonesia,2018,4292.17,2.93,39.6,15.0
IDN,Indonesia,2018,4292.17,2.93,39.6,18.3
IDN,Indonesia,2018,4292.17,2.93,39.6,21.0
IDN,Indonesia,2018,4292.17,2.93,35.5,15.0
IDN,Indonesia,2018,4292.17,2.93,35.5,18.3
IDN,Indonesia,2018,4292.17,2.93,35.5,21.0
IDN,Indonesia,2019,4221.32,2.96,40.3,15.4
IDN,Indonesia,2019,4221.32,2.96,40.3,21.4
IDN,Indonesia,2019,4221.32,2.96,40.3,18.7
IDN,Indonesia,2019,4221.32,2.96,35.9,15.4
IDN,Indonesia,2019,4221.32,2.96,35.9,21.4
IDN,Indonesia,2019,4221.32,2.96,35.9,18.7
IDN,Indonesia,2019,4221.32,2.96,44.5,15.4
IDN,Indonesia,2019,4221.32,2.96,44.5,21.4
IDN,Indonesia,2019,4221.32,2.96,44.5,18.7
IDN,Indonesia,2020,4403.35,2.94,,
IDN,Indonesia,2021,4336.9,2.94,,
IDN,Indonesia,2022,4492.22,2.93,,
IDN,Indonesia,2023,4434.83,2.93,,
IDN,Indonesia,2024,4354.75,2.92,,
IND,India,2015,2132.86,3.29,31.0,26.6
IND,India,2015,2132.86,3.29,31.0,31.0
IND,India,2015,2132.86,3.29,31.0,22.4
IND,India,2015,2132.86,3.29,31.6,26.6
IND,India,2015,2132.86,3.29,31.6,31.0
IND,India,2015,2132.86,3.29,31.6,22.4
IND,India,2015,2132.86,3.29,31.4,26.6
IND,India,2015,2132.86,3.29,31.4,31.0
IND,India,2015,2132.86,3.29,31.4,22.4
IND,India,2016,2156.19,3.33,31.3,27.4
IND,India,2016,2156.19,3.33,31.3,32.1
IND,India,2016,2156.19,3.33,31.3,23.1
IND,India,2016,2156.19,3.33,31.6,27.4
IND,India,2016,2156.19,3.33,31.6,32.1
IND,India,2016,2156.19,3.33,31.6,23.1
IND,India,2016,2156.19,3.33,30.8,27.4
IND,India,2016,2156.19,3.33,30.8,32.1
IND,India,2016,2156.19,3.33,30.8,23.1
IND,India,2017,2190.47,3.33,31.2,23.8
IND,India,2017,2190.47,3.33,31.2,33.1
IND,India,2017,2190.47,3.33,31.2,28.3
IND,India,2017,2190.47,3.33,31.6,23.8
IND,India,2017,2190.47,3.33,31.6,33.1
IND,India,2017,2190.47,3.33,31.6,28.3
IND,India,2017,2190.47,3.33,30.7,23.8
IND,India,2017,2190.47,3.33,30.7,33.1
IND,India,2017,2190.47,3.33,30.7,28.3
IND,India,2018,2054.97,3.31,30.6,24.4
IND,India,2018,2054.97,3.31,30.6,29.1
IND,India,2018,2054.97,3.31,30.6,34.1
IND,India,2018,2054.97,3.31,31.2,24.4
IND,India,2018,2054.97,3.31,31.2,29.1
IND,India,2018,2054.97,3.31,31.2,34.1
IND,India,2018,2054.97,3.31,31.6,24.4
IND,India,2018,2054.97,3.31,31.6,29.1
IND,India,2018,2054.97,3.31,31.6,34.1
IND,India,2019,2078.78,3.3,31.1,29.9
IND,India,2019,2078.78,3.3,31.1,35.1
IND,India,2019,2078.78,3.3,31.1,25.1
IND,India,2019,2078.78,3.3,30.5,29.9
IND,India,2019,2078.78,3.3,30.5,35.1
IND,India,2019,2078.78,3.3,30.5,25.1
IND,India,2019,2078.78,3.3,31.6,29.9
IND,India,2019,2078.78,3.3,31.6,35.1
IND,India,2019,2078.78,3.3,31.6,25.1
IND,India,2020,2198.47,3.34,,
IND,India,2021,2112.64,3.29,,
IND,India,2022,2150.38,3.29,,
IND,India,2023,2127.81,3.34,,
IND,India,2024,2211.52,3.35,,
ITA,Italy,2015,34281.8,8.61,35.6,51.9
ITA,Italy,2015,34281.8,8.61,35.6,57.8
ITA,Italy,2015,34281.8,8.61,35.6,47.6
ITA,Italy,2015,34281.8,8.61,41.1,51.9
ITA,Italy,2015,34281.8,8.61,41.1,57.8
ITA,Italy,2015,34281.8,8.61,41.1,47.6
ITA,Italy,2015,34281.8,8.61,30.1,51.9
ITA,Italy,2015,34281.8,8.61,30.1,57.8
ITA,Italy,2015,34281.8,8.61,30.1,47.6
ITA,Italy,2016,32663.54,8.73,40.6,57.9
ITA,Italy,2016,32663.54,8.73,40.6,52.5
ITA,Italy,2016,32663.54,8.73,40.6,48.5
ITA,Italy,2016,32663.54,8.73,35.1,57.9
ITA,Italy,2016,32663.54,8.73,35.1,52.5
ITA,Italy,2016,32663.54,8.73,35.1,48.5
ITA,Italy,2016,32663.54,8.73,29.7,57.9
ITA,Italy,2016,32663.54,8.73,29.7,52.5
ITA,Italy,2016,32663.54,8.73,29.7,48.5
ITA,Italy,2017,33673.87,8.68,34.7,53.0
ITA,Italy,2017,33673.87,8.68,34.7,57.9
ITA,Italy,2017,33673.87,8.68,34.7,49.4
ITA,Italy,2017,33673.87,8.68,40.1,53.0
ITA,Italy,2017,33673.87,8.68,40.1,57.9
ITA,Italy,2017,33673.87,8.68,40.1,49.4
ITA,Italy,2017,33673.87,8.68,29.3,53.0
ITA,Italy,2017,33673.87,8.68,29.3,57.9
ITA,Italy,2017,33673.87,8.68,29.3,49.4
ITA,Italy,2018,33923.77,8.72,29.0,57.9
ITA,Italy,2018,33923.77,8.72,29.0,53.4
ITA,Italy,2018,33923.77,8.72,29.0,50.2
ITA,Italy,2018,33923.77,8.72,34.2,57.9
ITA,Italy,2018,33923.77,8.72,34.2,53.4
ITA,Italy,2018,33923.77,8.72,34.2,50.2
ITA,Italy,2018,33923.77,8.72,39.6,57.9
ITA,Italy,2018,33923.77,8.72,39.6,53.4
ITA,Italy,2018,33923.77,8.72,39.6,50.2
ITA,Italy,2019,35178.2,8.75,33.8,58.0
ITA,Italy,2019,35178.2,8.75,33.8,53.9
ITA,Italy,2019,35178.2,8.75,33.8,51.0
ITA,Italy,2019,35178.2,8.75,28.6,58.0
ITA,Italy,2019,35178.2,8.75,28.6,53.9
ITA,Italy,2019,35178.2,8.75,28.6,51.0
ITA,Italy,2019,35178.2,8.75,39.1,58.0
ITA,Italy,2019,35178.2,8.75,39.1,53.9
ITA,Italy,2019,35178.2,8.75,39.1,51.0
ITA,Italy,2020,34458.79,8.66,,
ITA,Italy,2021,33541.22,8.72,,
ITA,Italy,2022,34756.76,8.92,,
ITA,Italy,2023,34995.25,8.86,,
ITA,Italy,2024,34680.48,8.68,,
JPN,Japan,2015,40365.42,10.83,40.0,50.8
JPN,Japan,2015,40365.42,10.83,40.0,46.3
JPN,Japan,2015,40365.42,10.83,40.0,43.7
JPN,Japan,2015,40365.42,10.83,31.9,50.8
JPN,Japan,2015,40365.42,10.83,31.9,46.3
JPN,Japan,2015,40365.42,10.83,31.9,43.7
JPN,Japan,2015,40365.42,10.83,23.7,50.8
JPN,Japan,2015,40365.42,10.83,23.7,46.3
JPN,Japan,2015,40365.42,10.83,23.7,43.7
JPN,Japan,2016,39842.89,10.87,23.4,46.7
JPN,Japan,2016,39842.89,10.87,23.4,44.3
JPN,Japan,2016,39842.89,10.87,23.4,51.0
JPN,Japan,2016,39842.89,10.87,31.8,46.7
JPN,Japan,2016,39842.89,10.87,31.8,44.3
JPN,Japan,2016,39842.89,10.87,31.8,51.0
JPN,Japan,2016,39842.89,10.87,40.1,46.7
JPN,Japan,2016,39842.89,10.87,40.1,44.3
JPN,Japan,2016,39842.89,10.87,40.1,51.0
JPN,Japan,2017,39309.99,10.98,23.1,51.0
JPN,Japan,2017,39309.99,10.98,23.1,44.9
JPN,Japan,2017,39309.99,10.98,23.1,47.0
JPN,Japan,2017,39309.99,10.98,31.7,51.0
JPN,Japan,2017,39309.99,10.98,31.7,44.9
JPN,Japan,2017,39309.99,10.98,31.7,47.0
JPN,Japan,2017,39309.99,10.98,40.2,51.0
JPN,Japan,2017,39309.99,10.98,40.2,44.9
JPN,Japan,2017,39309.99,10.98,40.2,47.0
JPN,Japan,2018,40024.48,10.94,31.6,51.1
JPN,Japan,2018,40024.48,10.94,31.6,45.4
JPN,Japan,2018,40024.48,10.94,31.6,47.3
JPN,Japan,2018,40024.48,10.94,40.2,51.1
JPN,Japan,2018,40024.48,10.94,40.2,45.4
JPN,Japan,2018,40024.48,10.94,40.2,47.3
JPN,Japan,2018,40024.48,10.94,22.8,51.1
JPN,Japan,2018,40024.48,10.94,22.8,45.4
JPN,Japan,2018,40024.48,10.94,22.8,47.3
JPN,Japan,2019,40917.93,11.0,40.3,47.7
JPN,Japan,2019,40917.93,11.0,40.3,51.2
JPN,Japan,2019,40917.93,11.0,40.3,45.9
JPN,Japan,2019,40917.93,11.0,31.4,47.7
JPN,Japan,2019,40917.93,11.0,31.4,51.2
JPN,Japan,2019,40917.93,11.0,31.4,45.9
JPN,Japan,2019,40917.93,11.0,22.5,47.7
JPN,Japan,2019,40917.93,11.0,22.5,51.2
JPN,Japan,2019,40917.93,11.0,22.5,45.9
JPN,Japan,2020,41198.97,10.95,,
JPN,Japan,2021,40461.36,10.96,,
JPN,Japan,2022,39583.47,10.83,,
JPN,Japan,2023,40008.51,10.89,,
JPN,Japan,2024,41519.82,10.91,,
KEN,Kenya,2015,1793.19,4.62,33.7,18.1
KEN,Kenya,2015,1793.19,4.62,33.7,13.7
KEN,Kenya,2015,1793.19,4.62,33.7,8.4
KEN,Kenya,2015,1793.19,4.62,35.2,18.1
KEN,Kenya,2015,1793.19,4.62,35.2,13.7
KEN,Kenya,2015,1793.19,4.62,35.2,8.4
KEN,Kenya,2015,1793.19,4.62,36.4,18.1
KEN,Kenya,2015,1793.19,4.62,36.4,13.7
KEN,Kenya,2015,1793.19,4.62,36.4,8.4
KEN,Kenya,2016,1819.03,4.67,36.0,18.7
KEN,Kenya,2016,1819.03,4.67,36.0,8.8
KEN,Kenya,2016,1819.03,4.67,36.0,14.2
KEN,Kenya,2016,1819.03,4.67,33.1,18.7
KEN,Kenya,2016,1819.03,4.67,33.1,8.8
KEN,Kenya,2016,1819.03,4.67,33.1,14.2
KEN,Kenya,2016,1819.03,4.67,34.7,18.7
KEN,Kenya,2016,1819.03,4.67,34.7,8.8
KEN,Kenya,2016,1819.03,4.67,34.7,14.2
KEN,Kenya,2017,1799.66,4.54,32.5,19.2
KEN,Kenya,2017,1799.66,4.54,32.5,14.7
KEN,Kenya,2017,1799.66,4.54,32.5,9.1
KEN,Kenya,2017,1799.66,4.54,34.2,19.2
KEN,Kenya,2017,1799.66,4.54,34.2,14.7
KEN,Kenya,2017,1799.66,4.54,34.2,9.1
KEN,Kenya,2017,1799.66,4.54,35.5,19.2
KEN,Kenya,2017,1799.66,4.54,35.5,14.7
KEN,Kenya,2017,1799.66,4.54,35.5,9.1
KEN,Kenya,2018,1856.42,4.6,33.7,9.5
KEN,Kenya,2018,1856.42,4.6,33.7,15.2
KEN,Kenya,2018,1856.42,4.6,33.7,19.9
KEN,Kenya,2018,1856.42,4.6,32.0,9.5
KEN,Kenya,2018,1856.42,4.6,32.0,15.2
KEN,Kenya,2018,1856.42,4.6,32.0,19.9
KEN,Kenya,2018,1856.42,4.6,35.1,9.5
KEN,Kenya,2018,1856.42,4.6,35.1,15.2
KEN,Kenya,2018,1856.42,4.6,35.1,19.9
KEN,Kenya,2019,1864.13,4.64,31.4,20.5
KEN,Kenya,2019,1864.13,4.64,31.4,15.8
KEN,Kenya,2019,1864.13,4.64,31.4,9.9
KEN,Kenya,2019,1864.13,4.64,33.2,20.5
KEN,Kenya,2019,1864.13,4.64,33.2,15.8
KEN,Kenya,2019,1864.13,4.64,33.2,9.9
KEN,Kenya,2019,1864.13,4.64,34.7,20.5
KEN,Kenya,2019,1864.13,4.64,34.7,15.8
KEN,Kenya,2019,1864.13,4.64,34.7,9.9
KEN,Kenya,2020,1825.28,4.64,,
KEN,Kenya,2021,1906.24,4.73,,
KEN,Kenya,2022,1844.5,4.64,,
KEN,Kenya,2023,1886.74,4.6,,
KEN,Kenya,2024,1865.99,4.64,,
KOR,"Korea, Rep.",2015,32835.84,8.42,27.2,67.6
KOR,"Korea, Rep.",2015,32835.84,8.42,27.2,62.3
KOR,"Korea, Rep.",2015,32835.84,8.42,27.2,75.4
KOR,"Korea, Rep.",2015,32835.84,8.42,31.9,67.6
KOR,"Korea, Rep.",2015,32835.84,8.42,31.9,62.3
KOR,"Korea, Rep.",2015,32835.84,8.42,31.9,75.4
KOR,"Korea, Rep.",2015,32835.84,8.42,22.3,67.6
KOR,"Korea, Rep.",2015,32835.84,8.42,22.3,62.3
KOR,"Korea, Rep.",2015,32835.84,8.42,22.3,75.4
KOR,"Korea, Rep.",2016,31843.67,8.5,31.9,76.0
KOR,"Korea, Rep.",2016,31843.67,8.5,31.9,63.6
KOR,"Korea, Rep.",2016,31843.67,8.5,31.9,68.5
KOR,"Korea, Rep.",2016,31843.67,8.5,22.0,76.0
KOR,"Korea, Rep.",2016,31843.67,8.5,22.0,63.6
KOR,"Korea, Rep.",2016,31843.67,8.5,22.0,68.5
KOR,"Korea, Rep.",2016,31843.67,8.5,27.1,76.0
KOR,"Korea, Rep.",2016,31843.67,8.5,27.1,63.6
KOR,"Korea, Rep.",2016,31843.67,8.5,27.1,68.5
KOR,"Korea, Rep.",2017,32487.74,8.55,27.0,69.4
KOR,"Korea, Rep.",2017,32487.74,8.55,27.0,64.8
KOR,"Korea, Rep.",2017,32487.74,8.55,27.0,76.5
KOR,"Korea, Rep.",2017,32487.74,8.55,21.7,69.4
KOR,"Korea, Rep.",2017,32487.74,8.55,21.7,64.8
KOR,"Korea, Rep.",2017,32487.74,8.55,21.7,76.5
KOR,"Korea, Rep.",2017,32487.74,8.55,31.9,69.4
KOR,"Korea, Rep.",2017,32487.74,8.55,31.9,64.8
KOR,"Korea, Rep.",2017,32487.74,8.55,31.9,76.5
KOR,"Korea, Rep.",2018,32437.27,8.33,31.9,70.3
KOR,"Korea, Rep.",2018,32437.27,8.33,31.9,66.0
KOR,"Korea, Rep.",2018,32437.27,8.33,31.9,77.0
KOR,"Korea, Rep.",2018,32437.27,8.33,26.8,70.3
KOR,"Korea, Rep.",2018,32437.27,8.33,26.8,66.0
KOR,"Korea, Rep.",2018,32437.27,8.33,26.8,77.0
KOR,"Korea, Rep.",2018,32437.27,8.33,21.5,70.3
KOR,"Korea, Rep.",2018,32437.27,8.33,21.5,66.0
KOR,"Korea, Rep.",2018,32437.27,8.33,21.5,77.0
KOR,"Korea, Rep.",2019,31551.04,8.58,32.0,77.5
KOR,"Korea, Rep.",2019,31551.04,8.58,32.0,67.2
KOR,"Korea, Rep.",2019,31551.04,8.58,32.0,71.1
KOR,"Korea, Rep.",2019,31551.04,8.58,26.7,77.5
KOR,"Korea, Rep.",2019,31551.04,8.58,26.7,67.2
KOR,"Korea, Rep.",2019,31551.04,8.58,26.7,71.1
KOR,"Korea, Rep.",2019,31551.04,8.58,21.2,77.5
KOR,"Korea, Rep.",2019,31551.04,8.58,21.2,67.2
KOR,"Korea, Rep.",2019,31551.04,8.58,21.2,71.1
KOR,"Korea, Rep.",2020,33636.48,8.43,,
KOR,"Korea, Rep.",2021,32394.76,8.58,,
KOR,"Korea, Rep.",2022,32038.16,8.39,,
KOR,"Korea, Rep.",2023,33265.06,8.44,,
KOR,"Korea, Rep.",2024,32956.72,8.47,,
MEX,Mexico,2015,9955.23,5.41,32.9,46.6
MEX,Mexico,2015,9955.23,5.41,32.9,56.7
MEX,Mexico,2015,9955.23,5.41,32.9,35.8
MEX,Mexico,2015,9955.23,5.41,34.3,46.6
MEX,Mexico,2015,9955.23,5.41,34.3,56.7
MEX,Mexico,2015,9955.23,5.41,34.3,35.8
MEX,Mexico,2015,9955.23,5.41,33.6,46.6
MEX,Mexico,2015,9955.23,5.41,33.6,56.7
MEX,Mexico,2015,9955.23,5.41,33.6,35.8
MEX,Mexico,2016,10068.65,5.35,33.2,57.6
MEX,Mexico,2016,10068.65,5.35,33.2,36.7
MEX,Mexico,2016,10068.65,5.35,33.2,47.5
MEX,Mexico,2016,10068.65,5.35,32.5,57.6
MEX,Mexico,2016,10068.65,5.35,32.5,36.7
MEX,Mexico,2016,10068.65,5.35,32.5,47.5
MEX,Mexico,2016,10068.65,5.35,33.9,57.6
MEX,Mexico,2016,10068.65,5.35,33.9,36.7
MEX,Mexico,2016,10068.65,5.35,33.9,47.5
MEX,Mexico,2017,10084.76,5.42,32.1,37.6
MEX,Mexico,2017,10084.76,5.42,32.1,48.3
MEX,Mexico,2017,10084.76,5.42,32.1,58.3
MEX,Mexico,2017,10084.76,5.42,32.8,37.6
MEX,Mexico,2017,10084.76,5.42,32.8,48.3
MEX,Mexico,2017,10084.76,5.42,32.8,58.3
MEX,Mexico,2017,10084.76,5.42,33.5,37.6
MEX,Mexico,2017,10084.76,5.42,33.5,48.3
MEX,Mexico,2017,10084.76,5.42,33.5,58.3
MEX,Mexico,2018,10603.49,5.52,31.7,59.0
MEX,Mexico,2018,10603.49,5.52,31.7,38.5
MEX,Mexico,2018,10603.49,5.52,31.7,49.1
MEX,Mexico,2018,10603.49,5.52,32.4,59.0
MEX,Mexico,2018,10603.49,5.52,32.4,38.5
MEX,Mexico,2018,10603.49,5.52,32.4,49.1
MEX,Mexico,2018,10603.49,5.52,33.1,59.0
MEX,Mexico,2018,10603.49,5.52,33.1,38.5
MEX,Mexico,2018,10603.49,5.52,33.1,49.1
MEX,Mexico,2019,9962.68,5.41,32.8,59.7
MEX,Mexico,2019,9962.68,5.41,32.8,49.9
MEX,Mexico,2019,9962.68,5.41,32.8,39.3
MEX,Mexico,2019,9962.68,5.41,31.4,59.7
MEX,Mexico,2019,9962.68,5.41,31.4,49.9
MEX,Mexico,2019,9962.68,5.41,31.4,39.3
MEX,Mexico,2019,9962.68,5.41,32.1,59.7
MEX,Mexico,2019,9962.68,5.41,32.1,49.9
MEX,Mexico,2019,9962.68,5.41,32.1,39.3
MEX,Mexico,2020,9873.98,5.4,,
MEX,Mexico,2021,10263.12,5.5,,
MEX,Mexico,2022,10087.52,5.41,,
MEX,Mexico,2023,9837.21,5.44,,
MEX,Mexico,2024,10087.52,5.43,,
NGA,Nigeria,2015,2092.46,3.81,38.5,21.4
NGA,Nigeria,2015,2092.46,3.81,38.5,23.2
NGA,Nigeria,2015,2092.46,3.81,38.5,24.9
NGA,Nigeria,2015,2092.46,3.81,36.1,21.4
NGA,Nigeria,2015,2092.46,3.81,36.1,23.2
NGA,Nigeria,2015,2092.46,3.81,36.1,24.9
NGA,Nigeria,2015,2092.46,3.81,33.6,21.4
NGA,Nigeria,2015,2092.46,3.81,33.6,23.2
NGA,Nigeria,2015,2092.46,3.81,33.6,24.9
NGA,Nigeria,2016,2141.46,3.79,36.1,24.5
NGA,Nigeria,2016,2141.46,3.79,36.1,22.8
NGA,Nigeria,2016,2141.46,3.79,36.1,26.0
NGA,Nigeria,2016,2141.46,3.79,33.5,24.5
NGA,Nigeria,2016,2141.46,3.79,33.5,22.8
NGA,Nigeria,2016,2141.46,3.79,33.5,26.0
NGA,Nigeria,2016,2141.46,3.79,38.6,24.5
NGA,Nigeria,2016,2141.46,3.79,38.6,22.8
NGA,Nigeria,2016,2141.46,3.79,38.6,26.0
NGA,Nigeria,2017,2135.89,3.8,36.1,25.8
NGA,Nigeria,2017,2135.89,3.8,36.1,27.1
NGA,Nigeria,2017,2135.89,3.8,36.1,24.3
NGA,Nigeria,2017,2135.89,3.8,38.8,25.8
NGA,Nigeria,2017,2135.89,3.8,38.8,27.1
NGA,Nigeria,2017,2135.89,3.8,38.8,24.3
NGA,Nigeria,2017,2135.89,3.8,33.3,25.8
NGA,Nigeria,2017,2135.89,3.8,33.3,27.1
NGA,Nigeria,2017,2135.89,3.8,33.3,24.3
NGA,Nigeria,2018,2116.06,3.84,33.2,27.2
NGA,Nigeria,2018,2116.06,3.84,33.2,25.8
NGA,Nigeria,2018,2116.06,3.84,33.2,28.4
NGA,Nigeria,2018,2116.06,3.84,38.9,27.2
NGA,Nigeria,2018,2116.06,3.84,38.9,25.8
NGA,Nigeria,2018,2116.06,3.84,38.9,28.4
NGA,Nigeria,2018,2116.06,3.84,36.1,27.2
NGA,Nigeria,2018,2116.06,3.84,36.1,25.8
NGA,Nigeria,2018,2116.06,3.84,36.1,28.4
NGA,Nigeria,2019,2044.29,3.77,33.0,27.4
NGA,Nigeria,2019,2044.29,3.77,33.0,28.6
NGA,Nigeria,2019,2044.29,3.77,33.0,29.6
NGA,Nigeria,2019,2044.29,3.77,39.0,27.4
NGA,Nigeria,2019,2044.29,3.77,39.0,28.6
NGA,Nigeria,2019,2044.29,3.77,39.0,29.6
NGA,Nigeria,2019,2044.29,3.77,36.1,27.4
NGA,Nigeria,2019,2044.29,3.77,36.1,28.6
NGA,Nigeria,2019,2044.29,3.77,36.1,29.6
NGA,Nigeria,2020,2072.75,3.73,,
NGA,Nigeria,2021,2113.51,3.85,,
NGA,Nigeria,2022,2137.03,3.84,,
NGA,Nigeria,2023,2201.75,3.88,,
NGA,Nigeria,2024,2160.1,3.89,,
POL,Poland,2015,16975.97,6.32,41.8,57.5
POL,Poland,2015,16975.97,6.32,41.8,50.7
POL,Poland,2015,16975.97,6.32,41.8,65.6
POL,Poland,2015,16975.97,6.32,54.1,57.5
POL,Poland,2015,16975.97,6.32,54.1,50.7
POL,Poland,2015,16975.97,6.32,54.1,65.6
POL,Poland,2015,16975.97,6.32,48.1,57.5
POL,Poland,2015,16975.97,6.32,48.1,50.7
POL,Poland,2015,16975.97,6.32,48.1,65.6
POL,Poland,2016,17074.05,6.26,48.4,58.5
POL,Poland,2016,17074.05,6.26,48.4,52.2
POL,Poland,2016,17074.05,6.26,48.4,66.2
POL,Poland,2016,17074.05,6.26,54.5,58.5
POL,Poland,2016,17074.05,6.26,54.5,52.2
POL,Poland,2016,17074.05,6.26,54.5,66.2
POL,Poland,2016,17074.05,6.26,42.0,58.5
POL,Poland,2016,17074.05,6.26,42.0,52.2
POL,Poland,2016,17074.05,6.26,42.0,66.2
POL,Poland,2017,17419.4,6.36,42.2,53.5
POL,Poland,2017,17419.4,6.36,42.2,66.7
POL,Poland,2017,17419.4,6.36,42.2,59.5
POL,Poland,2017,17419.4,6.36,48.7,53.5
POL,Poland,2017,17419.4,6.36,48.7,66.7
POL,Poland,2017,17419.4,6.36,48.7,59.5
POL,Poland,2017,17419.4,6.36,54.8,53.5
POL,Poland,2017,17419.4,6.36,54.8,66.7
POL,Poland,2017,17419.4,6.36,54.8,59.5
POL,Poland,2018,17115.72,6.28,48.9,60.4
POL,Poland,2018,17115.72,6.28,48.9,54.9
POL,Poland,2018,17115.72,6.28,48.9,67.1
POL,Poland,2018,17115.72,6.28,55.1,60.4
POL,Poland,2018,17115.72,6.28,55.1,54.9
POL,Poland,2018,17115.72,6.28,55.1,67.1
POL,Poland,2018,17115.72,6.28,42.4,60.4
POL,Poland,2018,17115.72,6.28,42.4,54.9
POL,Poland,2018,17115.72,6.28,42.4,67.1
POL,Poland,2019,17413.13,6.34,42.7,61.3
POL,Poland,2019,17413.13,6.34,42.7,67.6
POL,Poland,2019,17413.13,6.34,42.7,56.2
POL,Poland,2019,17413.13,6.34,55.5,61.3
POL,Poland,2019,17413.13,6.34,55.5,67.6
POL,Poland,2019,17413.13,6.34,55.5,56.2
POL,Poland,2019,17413.13,6.34,49.2,61.3
POL,Poland,2019,17413.13,6.34,49.2,67.6
POL,Poland,2019,17413.13,6.34,49.2,56.2
POL,Poland,2020,16790.97,6.33,,
POL,Poland,2021,17429.09,6.29,,
POL,Poland,2022,17461.21,6.26,,
POL,Poland,2023,17907.64,6.43,,
POL,Poland,2024,17424.14,6.39,,
RUS,Russian Federation,2015,11112.11,5.26,46.3,58.4
RUS,Russian Federation,2015,11112.11,5.26,46.3,39.8
RUS,Russian Federation,2015,11112.11,5.26,46.3,49.4
RUS,Russian Federation,2015,11112.11,5.26,43.1,58.4
RUS,Russian Federation,2015,11112.11,5.26,43.1,39.8
RUS,Russian Federation,2015,11112.11,5.26,43.1,49.4
RUS,Russian Federation,2015,11112.11,5.26,49.3,58.4
RUS,Russian Federation,2015,11112.11,5.26,49.3,39.8
RUS,Russian Federation,2015,11112.11,5.26,49.3,49.4
RUS,Russian Federation,2016,11595.3,5.3,42.6,49.6
RUS,Russian Federation,2016,11595.3,5.3,42.6,58.1
RUS,Russian Federation,2016,11595.3,5.3,42.6,40.5
RUS,Russian Federation,2016,11595.3,5.3,45.8,49.6
RUS,Russian Federation,2016,11595.3,5.3,45.8,58.1
RUS,Russian Federation,2016,11595.3,5.3,45.8,40.5
RUS,Russian Federation,2016,11595.3,5.3,48.8,49.6
RUS,Russian Federation,2016,11595.3,5.3,48.8,58.1
RUS,Russian Federation,2016,11595.3,5.3,48.8,40.5
RUS,Russian Federation,2017,11518.39,5.3,45.3,41.2
RUS,Russian Federation,2017,11518.39,5.3,45.3,49.7
RUS,Russian Federation,2017,11518.39,5.3,45.3,57.7
RUS,Russian Federation,2017,11518.39,5.3,48.3,41.2
RUS,Russian Federation,2017,11518.39,5.3,48.3,49.7
RUS,Russian Federation,2017,11518.39,5.3,48.3,57.7
RUS,Russian Federation,2017,11518.39,5.3,42.1,41.2
RUS,Russian Federation,2017,11518.39,5.3,42.1,49.7
RUS,Russian Federation,2017,11518.39,5.3,42.1,57.7
RUS,Russian Federation,2018,11661.78,5.26,47.8,57.4
RUS,Russian Federation,2018,11661.78,5.26,47.8,49.9
RUS,Russian Federation,2018,11661.78,5.26,47.8,41.9
RUS,Russian Federation,2018,11661.78,5.26,41.6,57.4
RUS,Russian Federation,2018,11661.78,5.26,41.6,49.9
RUS,Russian Federation,2018,11661.78,5.26,41.6,41.9
RUS,Russian Federation,2018,11661.78,5.26,44.8,57.4
RUS,Russian Federation,2018,11661.78,5.26,44.8,49.9
RUS,Russian Federation,2018,11661.78,5.26,44.8,41.9
RUS,Russian Federation,2019,11815.91,5.36,44.3,57.0
RUS,Russian Federation,2019,11815.91,5.36,44.3,42.6
RUS,Russian Federation,2019,11815.91,5.36,44.3,50.0
RUS,Russian Federation,2019,11815.91,5.36,41.2,57.0
RUS,Russian Federation,2019,11815.91,5.36,41.2,42.6
RUS,Russian Federation,2019,11815.91,5.36,41.2,50.0
RUS,Russian Federation,2019,11815.91,5.36,47.3,57.0
RUS,Russian Federation,2019,11815.91,5.36,47.3,42.6
RUS,Russian Federation,2019,11815.91,5.36,47.3,50.0
RUS,Russian Federation,2020,11780.23,5.36,,
RUS,Russian Federation,2021,11798.18,5.44,,
RUS,Russian Federation,2022,11748.3,5.32,,
RUS,Russian Federation,2023,11633.36,5.29,,
RUS,Russian Federation,2024,11558.77,5.31,,
SAU,Saudi Arabia,2015,22553.73,6.34,35.9,49.0
SAU,Saudi Arabia,2015,22553.73,6.34,35.9,40.1
SAU,Saudi Arabia,2015,22553.73,6.34,35.9,35.2
SAU,Saudi Arabia,2015,22553.73,6.34,34.3,49.0
SAU,Saudi Arabia,2015,22553.73,6.34,34.3,40.1
SAU,Saudi Arabia,2015,22553.73,6.34,34.3,35.2
SAU,Saudi Arabia,2015,22553.73,6.34,31.6,49.0
SAU,Saudi Arabia,2015,22553.73,6.34,31.6,40.1
SAU,Saudi Arabia,2015,22553.73,6.34,31.6,35.2
SAU,Saudi Arabia,2016,23691.13,6.39,31.2,35.8
SAU,Saudi Arabia,2016,23691.13,6.39,31.2,49.2
SAU,Saudi Arabia,2016,23691.13,6.39,31.2,40.5
SAU,Saudi Arabia,2016,23691.13,6.39,34.2,35.8
SAU,Saudi Arabia,2016,23691.13,6.39,34.2,49.2
SAU,Saudi Arabia,2016,23691.13,6.39,34.2,40.5
SAU,Saudi Arabia,2016,23691.13,6.39,36.0,35.8
SAU,Saudi Arabia,2016,23691.13,6.39,36.0,49.2
SAU,Saudi Arabia,2016,23691.13,6.39,36.0,40.5
SAU,Saudi Arabia,2017,23799.09,6.39,34.2,40.7
SAU,Saudi Arabia,2017,23799.09,6.39,34.2,36.2
SAU,Saudi Arabia,2017,23799.09,6.39,34.2,49.2
SAU,Saudi Arabia,2017,23799.09,6.39,30.9,40.7
SAU,Saudi Arabia,2017,23799.09,6.39,30.9,36.2
SAU,Saudi Arabia,2017,23799.09,6.39,30.9,49.2
SAU,Saudi Arabia,2017,23799.09,6.39,36.1,40.7
SAU,Saudi Arabia,2017,23799.09,6.39,36.1,36.2
SAU,Saudi Arabia,2017,23799.09,6.39,36.1,49.2
SAU,Saudi Arabia,2018,23899.32,6.43,34.1,49.4
SAU,Saudi Arabia,2018,23899.32,6.43,34.1,40.9
SAU,Saudi Arabia,2018,23899.32,6.43,34.1,36.6
SAU,Saudi Arabia,2018,23899.32,6.43,36.2,49.4
SAU,Saudi Arabia,2018,23899.32,6.43,36.2,40.9
SAU,Saudi Arabia,2018,23899.32,6.43,36.2,36.6
SAU,Saudi Arabia,2018,23899.32,6.43,30.5,49.4
SAU,Saudi Arabia,2018,23899.32,6.43,30.5,40.9
SAU,Saudi Arabia,2018,23899.32,6.43,30.5,36.6
SAU,Saudi Arabia,2019,23425.45,6.53,36.3,37.0
SAU,Saudi Arabia,2019,23425.45,6.53,36.3,41.2
SAU,Saudi Arabia,2019,23425.45,6.53,36.3,49.5
SAU,Saudi Arabia,2019,23425.45,6.53,30.2,37.0
SAU,Saudi Arabia,2019,23425.45,6.53,30.2,41.2
SAU,Saudi Arabia,2019,23425.45,6.53,30.2,49.5
SAU,Saudi Arabia,2019,23425.45,6.53,34.0,37.0
SAU,Saudi Arabia,2019,23425.45,6.53,34.0,41.2
SAU,Saudi Arabia,2019,23425.45,6.53,34.0,49.5
SAU,Saudi Arabia,2020,23216.92,6.38,,
SAU,Saudi Arabia,2021,23253.66,6.47,,
SAU,Saudi Arabia,2022,22816.42,6.49,,
SAU,Saudi Arabia,2023,23365.5,6.53,,
SAU,Saudi Arabia,2024,22588.64,6.41,,
THA,Thailand,2015,7178.04,3.81,27.9,34.5
THA,Thailand,2015,7178.04,3.81,27.9,42.6
THA,Thailand,2015,7178.04,3.81,27.9,50.1
THA,Thailand,2015,7178.04,3.81,28.3,34.5
THA,Thailand,2015,7178.04,3.81,28.3,42.6
THA,Thailand,2015,7178.04,3.81,28.3,50.1
THA,Thailand,2015,7178.04,3.81,28.6,34.5
THA,Thailand,2015,7178.04,3.81,28.6,42.6
THA,Thailand,2015,7178.04,3.81,28.6,50.1
THA,Thailand,2016,7367.97,3.76,28.7,35.2
THA,Thailand,2016,7367.97,3.76,28.7,50.4
THA,Thailand,2016,7367.97,3.76,28.7,43.1
THA,Thailand,2016,7367.97,3.76,28.2,35.2
THA,Thailand,2016,7367.97,3.76,28.2,50.4
THA,Thailand,2016,7367.97,3.76,28.2,43.1
THA,Thailand,2016,7367.97,3.76,28.5,35.2
THA,Thailand,2016,7367.97,3.76,28.5,50.4
THA,Thailand,2016,7367.97,3.76,28.5,43.1
THA,Thailand,2017,7230.0,3.86,28.8,35.8
THA,Thailand,2017,7230.0,3.86,28.8,50.7
THA,Thailand,2017,7230.0,3.86,28.8,43.5
THA,Thailand,2017,7230.0,3.86,28.5,35.8
THA,Thailand,2017,7230.0,3.86,28.5,50.7
THA,Thailand,2017,7230.0,3.86,28.5,43.5
THA,Thailand,2017,7230.0,3.86,28.7,35.8
THA,Thailand,2017,7230.0,3.86,28.7,50.7
THA,Thailand,2017,7230.0,3.86,28.7,43.5
THA,Thailand,2018,7164.92,3.78,28.8,36.4
THA,Thailand,2018,7164.92,3.78,28.8,50.9
THA,Thailand,2018,7164.92,3.78,28.8,44.0
THA,Thailand,2018,7164.92,3.78,29.0,36.4
THA,Thailand,2018,7164.92,3.78,29.0,50.9
THA,Thailand,2018,7164.92,3.78,29.0,44.0
THA,Thailand,2018,7164.92,3.78,29.0,36.4
THA,Thailand,2018,7164.92,3.78,29.0,50.9
THA,Thailand,2018,7164.92,3.78,29.0,44.0
THA,Thailand,2019,7325.13,3.85,29.1,44.4
THA,Thailand,2019,7325.13,3.85,29.1,37.0
THA,Thailand,2019,7325.13,3.85,29.1,51.2
THA,Thailand,2019,7325.13,3.85,29.2,44.4
THA,Thailand,2019,7325.13,3.85,29.2,37.0
THA,Thailand,2019,7325.13,3.85,29.2,51.2
THA,Thailand,2019,7325.13,3.85,29.2,44.4
THA,Thailand,2019,7325.13,3.85,29.2,37.0
THA,Thailand,2019,7325.13,3.85,29.2,51.2
THA,Thailand,2020,7321.65,3.87,,
THA,Thailand,2021,7467.38,3.86,,
THA,Thailand,2022,7447.79,3.92,,
THA,Thailand,2023,7362.46,3.76,,
THA,Thailand,2024,7647.01,3.82,,
TUR,Turkiye,2015,9861.86,4.34,30.7,49.6
TUR,Turkiye,2015,9861.86,4.34,30.7,58.1
TUR,Turkiye,2015,9861.86,4.34,30.7,64.5
TUR,Turkiye,2015,9861.86,4.34,33.7,49.6
TUR,Turkiye,2015,9861.86,4.34,33.7,58.1
TUR,Turkiye,2015,9861.86,4.34,33.7,64.5
TUR,Turkiye,2015,9861.86,4.34,36.3,49.6
TUR,Turkiye,2015,9861.86,4.34,36.3,58.1
TUR,Turkiye,2015,9861.86,4.34,36.3,64.5
TUR,Turkiye,2016,9493.86,4.24,33.5,50.0
TUR,Turkiye,2016,9493.86,4.24,33.5,58.2
TUR,Turkiye,2016,9493.86,4.24,33.5,64.5
TUR,Turkiye,2016,9493.86,4.24,30.7,50.0
TUR,Turkiye,2016,9493.86,4.24,30.7,58.2
TUR,Turkiye,2016,9493.86,4.24,30.7,64.5
TUR,Turkiye,2016,9493.86,4.24,35.8,50.0
TUR,Turkiye,2016,9493.86,4.24,35.8,58.2
TUR,Turkiye,2016,9493.86,4.24,35.8,64.5
TUR,Turkiye,2017,9094.81,4.29,30.8,50.2
TUR,Turkiye,2017,9094.81,4.29,30.8,64.2
TUR,Turkiye,2017,9094.81,4.29,30.8,58.1
TUR,Turkiye,2017,9094.81,4.29,35.3,50.2
TUR,Turkiye,2017,9094.81,4.29,35.3,64.2
TUR,Turkiye,2017,9094.81,4.29,35.3,58.1
TUR,Turkiye,2017,9094.81,4.29,33.2,50.2
TUR,Turkiye,2017,9094.81,4.29,33.2,64.2
TUR,Turkiye,2017,9094.81,4.29,33.2,58.1
TUR,Turkiye,2018,10160.72,4.33,33.0,58.0
TUR,Turkiye,2018,10160.72,4.33,33.0,50.4
TUR,Turkiye,2018,10160.72,4.33,33.0,64.0
TUR,Turkiye,2018,10160.72,4.33,30.8,58.0
TUR,Turkiye,2018,10160.72,4.33,30.8,50.4
TUR,Turkiye,2018,10160.72,4.33,30.8,64.0
TUR,Turkiye,2018,10160.72,4.33,34.8,58.0
TUR,Turkiye,2018,10160.72,4.33,34.8,50.4
TUR,Turkiye,2018,10160.72,4.33,34.8,64.0
TUR,Turkiye,2019,9620.56,4.34,34.4,63.8
TUR,Turkiye,2019,9620.56,4.34,34.4,57.9
TUR,Turkiye,2019,9620.56,4.34,34.4,50.6
TUR,Turkiye,2019,9620.56,4.34,32.8,63.8
TUR,Turkiye,2019,9620.56,4.34,32.8,57.9
TUR,Turkiye,2019,9620.56,4.34,32.8,50.6
TUR,Turkiye,2019,9620.56,4.34,30.8,63.8
TUR,Turkiye,2019,9620.56,4.34,30.8,57.9
TUR,Turkiye,2019,9620.56,4.34,30.8,50.6
TUR,Turkiye,2020,9460.3,4.31,,
TUR,Turkiye,2021,9811.1,4.32,,
TUR,Turkiye,2022,9975.83,4.35,,
TUR,Turkiye,2023,9984.32,4.31,,
TUR,Turkiye,2024,10060.38,4.41,,
USA,United States,2015,64759.68,16.59,29.4,71.8
USA,United States,2015,64759.68,16.59,29.4,68.3
USA,United States,2015,64759.68,16.59,29.4,75.9
USA,United States,2015,64759.68,16.59,33.8,71.8
USA,United States,2015,64759.68,16.59,33.8,68.3
USA,United States,2015,64759.68,16.59,33.8,75.9
USA,United States,2015,64759.68,16.59,31.6,71.8
USA,United States,2015,64759.68,16.59,31.6,68.3
USA,United States,2015,64759.68,16.59,31.6,75.9
USA,United States,2016,66805.97,16.69,33.8,71.3
USA,United States,2016,66805.97,16.69,33.8,75.4
USA,United States,2016,66805.97,16.69,33.8,67.9
USA,United States,2016,66805.97,16.69,31.6,71.3
USA,United States,2016,66805.97,16.69,31.6,75.4
USA,United States,2016,66805.97,16.69,31.6,67.9
USA,United States,2016,66805.97,16.69,29.3,71.3
USA,United States,2016,66805.97,16.69,29.3,75.4
USA,United States,2016,66805.97,16.69,29.3,67.9
USA,United States,2017,64876.51,16.68,33.9,70.7
USA,United States,2017,64876.51,16.68,33.9,74.7
USA,United States,2017,64876.51,16.68,33.9,67.4
USA,United States,2017,64876.51,16.68,31.6,70.7
USA,United States,2017,64876.51,16.68,31.6,74.7
USA,United States,2017,64876.51,16.68,31.6,67.4
USA,United States,2017,64876.51,16.68,29.2,70.7
USA,United States,2017,64876.51,16.68,29.2,74.7
USA,United States,2017,64876.51,16.68,29.2,67.4
USA,United States,2018,66342.0,16.82,29.1,66.8
USA,United States,2018,66342.0,16.82,29.1,70.1
USA,United States,2018,66342.0,16.82,29.1,74.0
USA,United States,2018,66342.0,16.82,34.0,66.8
USA,United States,2018,66342.0,16.82,34.0,70.1
USA,United States,2018,66342.0,16.82,34.0,74.0
USA,United States,2018,66342.0,16.82,31.6,66.8
USA,United States,2018,66342.0,16.82,31.6,70.1
USA,United States,2018,66342.0,16.82,31.6,74.0
USA,United States,2019,66403.22,16.85,34.1,73.3
USA,United States,2019,66403.22,16.85,34.1,66.3
USA,United States,2019,66403.22,16.85,34.1,69.5
USA,United States,2019,66403.22,16.85,31.6,73.3
USA,United States,2019,66403.22,16.85,31.6,66.3
USA,United States,2019,66403.22,16.85,31.6,69.5
USA,United States,2019,66403.22,16.85,29.0,73.3
USA,United States,2019,66403.22,16.85,29.0,66.3
USA,United States,2019,66403.22,16.85,29.0,69.5
USA,United States,2020,68867.48,16.72,,
USA,United States,2021,65634.08,16.68,,
USA,United States,2022,67317.44,17.02,,
USA,United States,2023,66585.2,16.71,,
USA,United States,2024,65878.17,16.98,,
VNM,Viet Nam,2015,3707.98,5.57,25.6,26.8
VNM,Viet Nam,2015,3707.98,5.57,25.6,31.7
VNM,Viet Nam,2015,3707.98,5.57,25.6,22.9
VNM,Viet Nam,2015,3707.98,5.57,29.1,26.8
VNM,Viet Nam,2015,3707.98,5.57,29.1,31.7
VNM,Viet Nam,2015,3707.98,5.57,29.1,22.9
VNM,Viet Nam,2015,3707.98,5.57,32.6,26.8
VNM,Viet Nam,2015,3707.98,5.57,32.6,31.7
VNM,Viet Nam,2015,3707.98,5.57,32.6,22.9
VNM,Viet Nam,2016,3593.77,5.44,32.6,32.3
VNM,Viet Nam,2016,3593.77,5.44,32.6,27.5
VNM,Viet Nam,2016,3593.77,5.44,32.6,23.7
VNM,Viet Nam,2016,3593.77,5.44,25.8,32.3
VNM,Viet Nam,2016,3593.77,5.44,25.8,27.5
VNM,Viet Nam,2016,3593.77,5.44,25.8,23.7
VNM,Viet Nam,2016,3593.77,5.44,29.2,32.3
VNM,Viet Nam,2016,3593.77,5.44,29.2,27.5
VNM,Viet Nam,2016,3593.77,5.44,29.2,23.7
VNM,Viet Nam,2017,3606.17,5.47,32.7,28.2
VNM,Viet Nam,2017,3606.17,5.47,32.7,24.5
VNM,Viet Nam,2017,3606.17,5.47,32.7,32.9
VNM,Viet Nam,2017,3606.17,5.47,26.0,28.2
VNM,Viet Nam,2017,3606.17,5.47,26.0,24.5
VNM,Viet Nam,2017,3606.17,5.47,26.0,32.9
VNM,Viet Nam,2017,3606.17,5.47,29.4,28.2
VNM,Viet Nam,2017,3606.17,5.47,29.4,24.5
VNM,Viet Nam,2017,3606.17,5.47,29.4,32.9
VNM,Viet Nam,2018,3769.53,5.55,29.5,25.3
VNM,Viet Nam,2018,3769.53,5.55,29.5,28.9
VNM,Viet Nam,2018,3769.53,5.55,29.5,33.5
VNM,Viet Nam,2018,3769.53,5.55,32.8,25.3
VNM,Viet Nam,2018,3769.53,5.55,32.8,28.9
VNM,Viet Nam,2018,3769.53,5.55,32.8,33.5
VNM,Viet Nam,2018,3769.53,5.55,26.2,25.3
VNM,Viet Nam,2018,3769.53,5.55,26.2,28.9
VNM,Viet Nam,2018,3769.53,5.55,26.2,33.5
VNM,Viet Nam,2019,3769.78,5.45,29.7,26.1
VNM,Viet Nam,2019,3769.78,5.45,29.7,34.2
VNM,Viet Nam,2019,3769.78,5.45,29.7,29.6
VNM,Viet Nam,2019,3769.78,5.45,32.9,26.1
VNM,Viet Nam,2019,3769.78,5.45,32.9,34.2
VNM,Viet Nam,2019,3769.78,5.45,32.9,29.6
VNM,Viet Nam,2019,3769.78,5.45,26.4,26.1
VNM,Viet Nam,2019,3769.78,5.45,26.4,34.2
VNM,Viet Nam,2019,3769.78,5.45,26.4,29.6
VNM,Viet Nam,2020,3590.72,5.53,,
VNM,Viet Nam,2021,3739.09,5.56,,
VNM,Viet Nam,2022,3838.28,5.55,,
VNM,Viet Nam,2023,3854.92,5.56,,
VNM,Viet Nam,2024,3850.22,5.52,,
ZAF,South Africa,2015,6311.61,8.23,43.8,32.8
ZAF,South Africa,2015,6311.61,8.23,43.8,42.6
ZAF,South Africa,2015,6311.61,8.23,43.8,51.0
ZAF,South Africa,2015,6311.61,8.23,45.0,32.8
ZAF,South Africa,2015,6311.61,8.23,45.0,42.6
ZAF,South Africa,2015,6311.61,8.23,45.0,51.0
ZAF,South Africa,2015,6311.61,8.23,45.9,32.8
ZAF,South Africa,2015,6311.61,8.23,45.9,42.6
ZAF,South Africa,2015,6311.61,8.23,45.9,51.0
ZAF,South Africa,2016,6246.11,8.19,43.8,52.0
ZAF,South Africa,2016,6246.11,8.19,43.8,33.9
ZAF,South Africa,2016,6246.11,8.19,43.8,43.6
ZAF,South Africa,2016,6246.11,8.19,44.8,52.0
ZAF,South Africa,2016,6246.11,8.19,44.8,33.9
ZAF,South Africa,2016,6246.11,8.19,44.8,43.6
ZAF,South Africa,2016,6246.11,8.19,45.5,52.0
ZAF,South Africa,2016,6246.11,8.19,45.5,33.9
ZAF,South Africa,2016,6246.11,8.19,45.5,43.6
ZAF,South Africa,2017,6230.1,8.29,45.1,52.9
ZAF,South Africa,2017,6230.1,8.29,45.1,44.6
ZAF,South Africa,2017,6230.1,8.29,45.1,35.0
ZAF,South Africa,2017,6230.1,8.29,44.6,52.9
ZAF,South Africa,2017,6230.1,8.29,44.6,44.6
ZAF,South Africa,2017,6230.1,8.29,44.6,35.0
ZAF,South Africa,2017,6230.1,8.29,43.8,52.9
ZAF,South Africa,2017,6230.1,8.29,43.8,44.6
ZAF,South Africa,2017,6230.1,8.29,43.8,35.0
ZAF,South Africa,2018,6464.25,8.47,44.4,53.8
ZAF,South Africa,2018,6464.25,8.47,44.4,45.6
ZAF,South Africa,2018,6464.25,8.47,44.4,36.1
ZAF,South Africa,2018,6464.25,8.47,43.8,53.8
ZAF,South Africa,2018,6464.25,8.47,43.8,45.6
ZAF,South Africa,2018,6464.25,8.47,43.8,36.1
ZAF,South Africa,2018,6464.25,8.47,44.7,53.8
ZAF,South Africa,2018,6464.25,8.47,44.7,45.6
ZAF,South Africa,2018,6464.25,8.47,44.7,36.1
ZAF,South Africa,2019,6209.85,8.37,43.8,37.2
ZAF,South Africa,2019,6209.85,8.37,43.8,54.7
ZAF,South Africa,2019,6209.85,8.37,43.8,46.5
ZAF,South Africa,2019,6209.85,8.37,44.1,37.2
ZAF,South Africa,2019,6209.85,8.37,44.1,54.7
ZAF,South Africa,2019,6209.85,8.37,44.1,46.5
ZAF,South Africa,2019,6209.85,8.37,44.3,37.2
ZAF,South Africa,2019,6209.85,8.37,44.3,54.7
ZAF,South Africa,2019,6209.85,8.37,44.3,46.5
ZAF,South Africa,2020,6273.89,8.39,,
ZAF,South Africa,2021,6409.48,8.2,,
ZAF,South Africa,2022,6563.97,8.31,,
ZAF,South Africa,2023,6400.73,8.28,,
ZAF,South Africa,2024,6406.56,8.42,,
