parameter,mean,low94,high94
prev_intercept,33.56972038496732,33.065131704560805,33.95171322387073
prev_log_gdp,-1.9141416591732083,-2.792041416200805,-1.0585496262853178
prev_health_exp,0.9341283899225272,-0.013525765730723992,1.8375394557348572
prev_year,-0.25405654042009507,-0.40220712824954635,-0.10146674499903754
treat_intercept,43.9025149621951,42.11828201877152,47.93513246480888
treat_log_gdp,9.857562835558669,8.820051809999494,10.599215503774598
treat_health_exp,2.768578764440957,1.9576077786799762,3.4189615474686046
treat_year,0.6526600475944507,0.4480306052598294,0.8640648941898103
prev_to_treat,0.07733956004901847,-0.024188947643709425,0.13066121550088208
